name,stdDevImg,distinctColors,stdDevDistCol,maxXAbsGrad,maxYAbsGrad,meanXAbsGrad,meanYAbsGrad,stdDevXAbsGrad,stdDevYAbsGrad,Result
galaxy (1),12.92118056,117,40.68292932,304,311,5.7696,6.6864,20.95850939,24.01071959,0
galaxy (2),46.77586214,229,66.43803167,332,250,28.6683,22.3935,34.21599151,26.83103907,0
galaxy (3),40.96491492,230,66.81037353,298,304,16.5179,15.4029,26.10598168,24.63554285,0
galaxy (4),44.87776433,205,59.95636208,318,315,18.5229,21.1515,28.09958853,30.11643318,0
galaxy (5),34.65798997,186,55.50042785,160,141,10.43,9.7756,18.81470967,17.67997298,0
galaxy (6),57.29308257,212,62.12279838,218,220,23.9773,27.3875,29.39829561,33.08064606,0
galaxy (7),43.51223266,198,58.19397868,190,240,26.3301,33.7485,27.08422297,33.08030906,0
galaxy (8),39.77449689,204,59.58928758,211,224,29.1382,28.2884,28.95806107,27.51116183,0
galaxy (9),37.18985096,194,57.91358786,160,154,16.7071,21.1005,19.74243424,25.12812368,0
galaxy (10),55.28397027,232,67.23377941,286,286,29.007,17.7008,30.05420355,23.57849188,0
galaxy (11),42.71829589,210,61.211159,278,197,22.2401,12.1563,23.77998427,16.34040606,0
galaxy (12),46.53026089,177,51.45099503,239,233,31.4384,25.5262,41.50077837,34.87572098,0
galaxy (13),55.33617423,244,70.43614129,336,288,18.6446,21.9432,20.01945781,28.44356823,0
galaxy (14),53.98966485,222,65.11506504,420,566,24.8843,29.0551,31.49339794,60.93591768,0
galaxy (15),42.43177814,225,65.3806308,182,185,10.8278,19.2384,14.71122521,24.44979684,0
galaxy (16),41.68401382,205,59.55655963,372,302,10.7248,23.0492,17.61387138,27.21984165,0
galaxy (17),38.00961266,204,59.30269769,277,218,17.4073,13.2309,20.09186917,15.24252555,0
galaxy (18),43.54308303,232,67.22941925,127,124,14.4787,17.0153,16.62279598,15.8170941,0
galaxy (19),32.12441538,171,53.69610833,176,146,21.3496,17.993,21.6568922,18.4465268,0
galaxy (20),29.9026711,167,51.15878558,198,224,8.8969,15.1711,13.1856843,17.21673676,0
galaxy (21),49.99893112,217,62.64183905,263,205,23.184,34.504,30.96628399,28.94314744,0
galaxy (22),47.9364174,229,66.12846307,189,179,24.9877,24.4155,22.96389664,23.49997148,0
galaxy (23),37.35811442,227,65.81918881,150,157,13.159,12.4378,17.15520676,16.63806272,0
galaxy (24),26.89996552,177,52.86118936,156,207,16.3143,18.8509,16.92036984,21.83990085,0
galaxy (25),39.06445044,222,64.41740118,154,109,16.2157,15.8329,13.75426383,13.5126007,0
galaxy (26),33.96728719,217,63.6259506,96,85,11.5425,11.4303,14.62668089,14.09052667,0
galaxy (27),55.67517515,246,71.25963725,244,171,20.8032,21.9348,27.11428166,26.7173567,0
galaxy (28),29.96171406,191,62.0934087,223,245,18.9118,20.3926,29.52532846,29.94636314,0
galaxy (29),56.48606244,245,70.85507967,275,349,28.1021,30.4113,35.99581747,38.96799882,0
galaxy (30),32.83678594,195,57.19308657,213,228,18.1799,15.3371,28.56514197,22.49793465,0
galaxy (31),43.34736878,222,64.42196091,319,364,15.0385,16.3411,25.65948592,27.34042704,0
galaxy (32),44.11962922,218,62.99258025,162,138,22.0593,16.4835,22.32042077,17.58976202,0
galaxy (33),36.68569238,173,50.84687461,299,270,19.8257,19.5943,25.38478126,24.73050965,0
galaxy (34),35.86485311,202,58.88179184,199,238,14.0095,14.7625,23.25124104,25.56309241,0
galaxy (35),46.67174348,246,71.34927122,300,256,14.5494,17.3332,19.72153036,22.9559225,0
galaxy (36),39.27529554,175,52.03719737,309,234,31.4242,23.349,38.24746076,28.71490204,0
galaxy (37),44.48301718,220,65.50130448,262,212,29.0421,15.7253,35.28336333,20.92517718,0
galaxy (38),34.50190313,210,63.11976451,204,157,17.7914,12.8382,21.2153691,15.92144531,0
galaxy (39),46.15636509,194,56.33446953,269,283,24.8091,22.9081,35.26259289,31.80956545,0
galaxy (40),12.40456525,66,19.50663869,135,114,5.5902,5.2572,11.86208514,11.47942717,0
galaxy (41),38.71007178,202,59.35033887,175,201,22.4098,22.8452,28.5119986,29.69527297,0
galaxy (42),37.21261801,191,55.13619501,129,125,12.7381,12.1261,19.9772798,17.0230138,0
galaxy (43),36.09050515,206,61.14592184,158,129,15.8698,14.0598,23.00240526,17.94903964,0
galaxy (44),36.55402558,173,49.93996396,206,247,19.9163,18.0237,28.71107268,28.9318257,0
galaxy (45),25.31231928,186,54.61489881,138,243,7.5787,11.8165,14.86251682,27.41691864,0
galaxy (46),42.89592462,208,62.75931707,236,251,18.6935,17.7061,26.59825479,25.95019312,0
galaxy (47),32.74105768,176,55.0850582,238,189,16.9464,11.6696,25.81132943,18.63907819,0
galaxy (48),42.01777191,222,65.84060918,258,278,19.9514,19.4004,30.30881453,28.82881683,0
galaxy (49),36.04778982,182,52.98557567,364,315,21.2386,20.7098,34.08916939,32.42486984,0
galaxy (50),26.03438866,166,52.9323295,236,208,12.7193,12.8353,22.96329479,21.48612049,0
galaxy (51),37.02338314,197,57.74928151,286,303,17.4679,19.2079,27.80776096,31.99136255,0
galaxy (52),34.90440851,169,56.08070445,243,233,21.7748,22.9706,26.4516972,27.43670781,0
galaxy (53),28.84367695,188,57.98454294,161,166,12.8369,13.6735,20.38406482,21.2577209,0
galaxy (54),41.51056214,220,65.22446557,133,121,16.194,16.5312,17.26386874,18.58291222,0
galaxy (55),30.58912746,191,58.51382309,167,186,10.6303,15.7313,17.93777082,25.23307156,0
galaxy (56),33.65384377,211,62.78273485,214,198,11.4437,11.2889,21.11554476,20.75020089,0
galaxy (57),41.74972148,213,61.70888768,199,183,26.1628,22.5652,30.81087626,24.17229714,0
galaxy (58),39.77690747,200,58.90095903,160,166,14.8054,19.7378,15.9331896,20.55607091,0
galaxy (59),34.12374742,205,61.0103152,122,144,12.4092,14.4038,15.71343232,17.64148366,0
galaxy (60),28.67550977,155,45.34072005,102,96,10.9249,10.8485,13.27043556,12.74528728,0
galaxy (61),40.84171724,200,57.9338036,124,112,14.7908,14.6724,13.97903557,14.32767526,0
galaxy (62),48.91141725,235,67.93138844,144,149,17.9222,17.5298,19.74267325,19.93473632,0
galaxy (63),41.38973463,216,63.84520246,144,548,16.7624,27.8106,19.19672228,77.14467141,0
galaxy (64),61.74166443,248,71.7078159,409,424,51.3646,53.9692,44.94288672,46.37142926,0
galaxy (65),39.9484671,227,66.74808606,225,232,18.014,18.3064,18.40003815,17.7524905,0
galaxy (66),60.76654594,240,69.28143089,353,299,24.3493,27.7675,34.05671284,32.29880561,0
galaxy (67),53.93928244,238,69.31704539,283,246,32.7133,27.2753,30.31876157,27.1389998,0
galaxy (68),36.86402994,193,56.20844652,167,165,16.6385,18.4849,15.08561625,15.55618115,0
galaxy (69),35.87502124,176,52.32995848,216,183,22.9468,22.481,23.68480884,21.84647429,0
galaxy (70),34.08726862,221,63.8498939,351,340,19.0906,21.5086,36.86539559,41.15880132,0
galaxy (71),30.50956284,166,47.93993958,222,238,14.0428,16.1978,21.74658061,26.36876325,0
galaxy (72),48.47568031,229,67.03549759,228,147,23.4701,11.2601,17.07571685,11.40650025,0
galaxy (73),44.328275,235,68.82222182,252,212,19.665,20.7262,30.62086176,29.88692747,0
galaxy (74),35.88462112,218,63.96231189,198,203,16.0809,16.2667,22.4872176,22.34126163,0
galaxy (75),37.73456771,172,49.84608137,81,87,13.395,17.6574,11.18633877,13.84671893,0
galaxy (76),47.85524324,202,58.58011995,423,126,38.7889,13.9463,74.1192184,16.57115615,0
galaxy (77),40.06061392,181,52.54812223,150,115,20.93,13.736,18.65562382,12.62582686,0
galaxy (78),40.80277255,165,47.63052243,222,388,17.8011,17.7183,17.6334551,44.47049972,0
galaxy (79),40.1765563,239,70.72882677,187,188,18.2836,20.0252,21.25745919,22.31216182,0
galaxy (80),32.59922635,168,48.58705653,186,101,18.6683,10.9753,22.18147595,9.555024328,0
galaxy (81),48.76843758,213,66.34891843,610,111,35.9191,16.6713,78.7590119,14.9110649,0
galaxy (82),39.22592969,200,58.26506479,109,77,18.4421,13.8085,15.46323535,12.25192343,0
galaxy (83),38.79683399,166,47.98953229,106,100,18.3557,10.7553,15.2509271,9.726028064,0
galaxy (84),37.39576641,198,58.43367207,154,101,15.4253,15.3729,16.09632939,13.05569782,0
galaxy (85),47.88478942,183,52.89079027,110,133,11.4862,22.365,10.77402476,19.20726881,0
galaxy (86),43.46508879,180,52.18519107,64,77,12.31,17.507,9.737982337,12.84850773,0
galaxy (87),41.45945947,173,50.17941148,93,97,19.6456,11.8016,17.29257646,12.91082637,0
galaxy (88),57.78504429,226,67.87087717,604,584,34.77,39.3694,85.7519475,86.28630797,0
galaxy (89),53.25150805,228,67.04459877,584,390,32.4351,27.5241,87.58941025,49.04475934,0
galaxy (90),40.48482441,203,61.81856128,220,198,32.4651,32.8333,29.97801164,30.24210163,0
galaxy (91),36.5607706,185,54.02613982,231,258,14.8272,11.3898,13.9589663,13.23324057,0
galaxy (92),49.4948993,192,62.47181461,582,348,25.5989,23.1701,79.15972725,40.50106376,0
galaxy (93),40.11254136,166,57.21968854,604,104,27.4946,12.7988,79.01823315,11.74315624,0
galaxy (94),33.33265957,170,49.07392383,193,195,15.4619,15.1567,15.75281398,15.75172197,0
galaxy (95),21.58501046,128,38.59477162,170,173,12.0556,10.662,15.89967008,12.52030175,0
galaxy (96),39.14123924,199,61.01900985,205,612,19.917,32.5722,28.73030301,86.39917469,0
galaxy (97),41.31018077,166,54.37787639,576,115,31.7904,14.2736,84.36630647,13.58226576,0
galaxy (98),34.36120365,194,56.20332076,95,188,14.4672,17.6812,14.25545945,25.6942633,0
galaxy (99),24.47415943,167,55.37226865,172,210,13.963,16.2682,18.22184488,21.35789945,0
galaxy (100),45.05436044,225,66.55304481,365,300,16.5129,24.0975,25.34834183,32.52983851,0
galaxy (101),13.73200189,115,33.94608201,186,195,7.7464,7.26,18.85210564,16.70600491,0
galaxy (102),41.88306242,244,71.72936009,356,304,19.142,21.3816,28.9967832,29.74379904,0
galaxy (103),69.92423628,255,73.61159329,140,123,23.784,20.7458,21.06014112,18.47055988,0
galaxy (104),45.6325733,229,66.45511061,160,201,16.5074,18.8392,21.77241707,25.78645659,0
galaxy (105),61.11256663,248,71.59085137,143,103,17.1838,18.9388,19.68639168,20.81710005,0
galaxy (106),42.97301149,188,55.23815957,129,126,16.3082,17.8518,17.07839608,16.42106686,0
galaxy (107),31.85250103,153,44.2424012,144,134,14.2385,13.0489,13.00249275,12.65908009,0
galaxy (108),33.72364358,150,43.30030793,74,74,14.0172,12.695,10.64288984,10.39332358,0
galaxy (109),36.01379866,206,60.57516526,240,265,9.3981,24.2621,16.11894588,37.43637274,0
galaxy (110),41.89669056,205,61.6287567,305,291,12.856,27.9106,22.59420421,43.62117843,0
galaxy (111),43.30899819,210,60.62109094,277,294,16.0119,25.1249,22.53317018,34.70325201,0
galaxy (112),39.72804401,220,64.34081693,373,319,22.8888,20.9908,30.45440912,28.39191637,0
galaxy (113),31.91040994,183,52.86398221,196,122,21.165,12.2904,25.03697616,12.34867879,0
galaxy (114),39.4240539,209,60.637669,267,272,16.6725,17.8163,22.81823928,23.81519167,0
galaxy (115),39.86952998,204,59.24322885,308,309,13.2915,22.5885,22.50031839,29.48899401,0
galaxy (116),58.57895897,221,64.07827037,588,376,54.2332,27.6048,112.8402101,48.63303833,0
galaxy (117),45.55530937,210,60.84949296,149,187,15.5741,26.7063,24.35259964,42.44745505,0
galaxy (118),35.09604694,222,65.89251716,259,266,17.5418,18.4486,18.7385926,24.40992335,0
galaxy (119),42.51199411,199,58.33930976,280,262,23.9111,23.4359,35.42659731,31.72965003,0
galaxy (120),39.78332552,194,57.30487022,178,274,19.5577,26.7423,19.05648632,39.15864005,0
galaxy (121),56.42118767,207,59.79671195,211,214,14.6742,29.5402,15.80509584,28.73516633,0
galaxy (122),42.65913747,239,70.49802454,231,321,27.4543,28.8775,27.40388497,34.06227082,0
galaxy (123),44.70473408,203,59.80211327,550,275,29.6323,21.4989,72.5001648,30.56089002,0
galaxy (124),29.81192773,206,60.86218979,132,229,6.7566,13.1952,14.919898,30.98180267,0
galaxy (125),47.73018503,208,64.68547523,599,512,29.7853,34.3337,83.57164115,70.18806697,0
galaxy (126),35.48225634,159,46.75599445,233,262,17.2807,21.7351,20.07061802,23.22546292,0
galaxy (127),41.93817531,186,54.21078008,226,239,19.8529,23.7493,25.86492338,25.2240411,0
galaxy (128),28.92896213,139,43.49786526,140,152,11.6878,17.1886,16.20124474,20.67605935,0
galaxy (129),44.83735382,194,57.04147095,337,342,18.5921,21.1695,25.38112128,29.48726114,0
galaxy (130),46.60766874,209,61.9250136,245,235,20.3184,19.7442,23.62393323,23.98974294,0
galaxy (131),51.77821743,203,58.71199785,118,149,18.2023,18.0093,18.8904043,18.7154325,0
galaxy (132),38.61443262,240,72.07501831,242,276,22.9822,22.5624,37.54533637,37.81779351,0
galaxy (133),35.77669406,224,70.71678387,261,282,17.9854,18.4482,33.44220368,34.53802422,0
galaxy (134),38.67461726,216,63.71035172,411,337,20.953,17.9382,32.59391647,27.00148479,0
galaxy (135),33.62681872,193,55.71355311,176,189,15.7069,17.8165,16.9182621,19.59378033,0
galaxy (136),42.55136812,226,68.33216599,326,260,21.8199,13.5749,28.35611863,18.6094167,0
galaxy (137),31.54740904,229,68.98852183,209,216,16.1089,15.3519,19.21191403,20.17383123,0
galaxy (138),33.31460553,205,63.98179656,356,356,20.6937,21.6315,34.16087353,34.32752114,0
galaxy (139),43.10422993,238,69.54155071,271,214,18.5906,16.2156,27.59211466,25.91794584,0
galaxy (140),42.59228394,230,67.30611109,220,221,17.3408,18.2244,26.00892261,23.68248814,0
galaxy (141),67.36413391,250,72.1682063,410,361,50.6487,35.6945,63.67570564,47.134172,0
galaxy (142),37.75249434,198,57.15694767,291,202,34.1691,24.1927,31.12625106,24.19306857,0
galaxy (143),46.54096793,232,67.13001153,274,230,19.5989,19.6943,26.39105187,26.63902865,0
galaxy (144),66.89339339,249,71.87952884,327,285,31.1085,20.9209,26.52897148,21.84148903,0
galaxy (145),41.13653951,210,61.87221782,379,332,20.3203,18.8401,28.94557493,27.67152204,0
galaxy (146),32.89045567,193,56.15800091,215,238,24.1799,25.8697,21.72194595,22.19581767,0
galaxy (147),25.0591117,183,59.11066292,221,276,13.9985,18.8571,22.02944615,30.05279154,0
galaxy (148),31.35106605,204,61.24302309,236,214,14.4074,17.56,22.48876665,23.62685337,0
galaxy (149),55.71353927,235,67.83804242,424,406,33.1142,34.7818,56.63592992,58.01806261,0
galaxy (150),23.37447618,167,49.03827643,119,116,17.5716,17.2644,15.65514208,16.0098686,0
galaxy (151),45.9319093,208,62.46611804,587,236,42.5273,16.4545,96.8023453,23.21087525,0
galaxy (152),42.49757531,213,62.92131157,104,119,16.6823,22.0215,14.96576649,18.42994405,0
galaxy (153),44.58534144,218,66.929276,644,227,30.3393,19.7625,76.12753756,20.00453683,0
galaxy (154),38.19086053,221,64.54516286,201,195,14.754,14.068,21.2324253,21.79446205,0
galaxy (155),29.94516903,186,54.56359437,138,113,12.701,9.3872,17.20303459,14.63741357,0
galaxy (156),38.44052362,208,60.92888423,386,220,16.5722,15.8728,26.9428541,23.53002805,0
galaxy (157),34.03385323,200,58.78310961,165,170,12.1568,13.2298,14.85438702,15.08296363,0
galaxy (158),33.71813283,218,64.10155114,133,122,13.9494,10.0988,18.60521539,14.43451553,0
galaxy (159),31.72374497,211,62.41898323,359,306,12.7615,16.0769,24.50725235,26.04160107,0
galaxy (160),38.62777207,208,62.09160785,202,266,17.0864,19.1812,18.87983938,23.12193259,0
galaxy (161),49.37757207,207,59.75505557,283,273,37.2515,34.8881,38.24057332,36.66474844,0
galaxy (162),42.00288854,201,61.18529,341,359,31.6128,33.8644,31.26912337,32.65081335,0
galaxy (163),40.81418262,176,51.80540986,93,141,10.3799,19.3073,11.84341066,18.44146596,0
galaxy (164),23.16247326,156,45.91602546,143,152,9.6353,9.4927,15.33681499,15.09764044,0
galaxy (165),30.56554155,188,57.48857893,189,175,10.2092,9.7196,21.32926711,19.46194173,0
galaxy (166),55.5416765,252,73.24215841,358,349,34.2342,26.0444,46.5996926,38.36368893,0
galaxy (167),36.32655163,212,62.61353021,234,259,16.1083,15.6243,20.8154551,21.25195872,0
galaxy (168),35.79758078,198,57.26100948,176,172,22.4098,24.7982,19.00996749,20.25906406,0
galaxy (169),45.11358554,238,68.87038977,85,152,14.7495,16.6225,10.89315151,13.2563869,0
galaxy (170),45.66876094,216,63.13681879,184,173,15.9352,16.5202,24.3595074,24.27210728,0
galaxy (171),18.91250406,160,55.61053745,259,245,7.1731,8.4995,16.73697513,21.9897567,0
galaxy (172),24.76318395,135,39.40031264,204,214,18.4718,19.4646,19.37458141,20.08770636,0
galaxy (173),38.36981718,172,50.34417106,186,203,15.1864,22.5352,22.90169546,28.95247072,0
galaxy (174),39.540359,211,62.4368381,123,159,14.2068,16.0452,15.99264311,18.45003406,0
galaxy (175),25.24703719,191,56.03373881,204,244,9.9778,8.169,21.83767632,18.16939292,0
galaxy (176),42.39159973,204,59.9781124,246,237,16.1548,15.9428,29.24965704,29.30354122,0
galaxy (177),32.93054978,187,54.06297412,231,221,10.9368,14.086,21.24181268,24.950463,0
galaxy (178),40.24794082,245,71.57485592,198,199,18.4302,20.0246,21.67984151,22.62870732,0
galaxy (179),29.13163086,199,60.04328885,196,216,14.2776,11.5822,15.84687156,15.01313569,0
galaxy (180),48.41977445,218,62.93051724,337,277,15.0733,20.6465,19.00196114,27.7704472,0
galaxy (181),57.38317835,252,72.74556115,248,185,39.1174,25.4424,35.951576,27.92481123,0
galaxy (182),50.95414621,247,71.5139876,194,179,14.7421,17.9581,18.60813767,21.96851712,0
galaxy (183),41.72775056,225,65.22994934,204,186,14.885,23.947,17.40151646,21.2544111,0
galaxy (184),42.35997119,223,64.40496625,132,128,21.2707,20.7993,18.20803179,18.25817678,0
galaxy (185),38.28665947,215,62.42723331,126,135,16.8806,16.8738,18.59824571,17.2490079,0
galaxy (186),32.69655669,165,50.20100424,249,247,14.3126,15.0824,24.2293145,24.26162011,0
galaxy (187),51.54163,224,64.75073625,233,204,21.1192,21.163,22.91933663,20.86630851,0
galaxy (188),44.28698489,223,64.91488401,350,326,13.4684,18.1008,21.76355673,24.19390914,0
galaxy (189),30.86612639,219,70.24709625,218,347,7.5436,11.001,23.23054238,34.24525075,0
galaxy (190),41.01118281,205,59.27880786,105,114,14.803,22.526,12.8383173,16.76930899,0
galaxy (191),41.34964029,226,65.41087751,311,265,15.1427,21.7471,22.31894121,25.83957704,0
galaxy (192),40.76301789,243,71.62506103,328,313,16.6482,22.803,27.5572538,32.82469788,0
galaxy (193),23.61627443,171,54.73961419,249,221,10.7969,8.9425,21.78677696,16.67521495,0
galaxy (194),39.7807477,207,61.38779548,371,216,20.7932,22.816,28.21118987,26.63526504,0
galaxy (195),24.24482641,167,51.72133288,257,173,14.6564,13.9308,19.19268973,17.52575851,0
galaxy (196),62.57616603,251,72.54840997,545,353,27.6919,31.7799,44.92479242,44.54048783,0
galaxy (197),24.62712822,175,53.50574228,240,218,11.7346,9.0626,22.31832348,17.580537,0
galaxy (198),43.70609852,207,59.97436966,303,304,24.6581,22.7343,41.4971614,37.15250064,0
galaxy (199),51.18729848,239,69.13201109,198,227,20.3022,29.3018,22.79598814,31.38632372,0
galaxy (200),44.58415559,208,61.42839315,224,228,17.2037,20.2555,24.87350812,28.39049524,0
galaxy (201),48.45459426,218,63.04590827,416,260,22.318,20.5816,31.50422632,28.71731083,0
galaxy (202),44.93032418,231,66.80004704,137,141,17.9448,15.9322,16.89755464,16.52363771,0
galaxy (203),29.00110418,174,66.5795745,353,226,16.3154,11.4376,29.56223136,19.8080566,0
galaxy (204),32.51882519,216,64.37918534,119,137,12.1686,9.2808,14.8621524,16.14362882,0
galaxy (205),33.35756157,200,60.53897505,392,300,14.451,13.6988,24.369961,19.87431706,0
galaxy (206),27.21555693,177,53.51593453,264,270,8.3248,10.8786,17.63276226,19.58230482,0
galaxy (207),38.23603505,214,62.41677978,91,107,14.2611,17.1801,13.28787142,15.3262084,0
galaxy (208),32.79912027,192,56.97793432,336,311,14.4345,13.2685,21.57644803,20.06825373,0
galaxy (209),46.2452918,244,70.949321,296,287,17.2296,18.542,27.67715093,29.26579635,0
galaxy (210),35.14582819,199,57.58866321,172,197,12.4234,17.6918,18.98858427,27.99105951,0
galaxy (211),43.07421143,202,58.45718876,333,345,23.0095,22.1259,40.73861571,37.86933389,0
galaxy (212),33.82038244,157,45.96780028,221,203,21.7546,19.5956,28.6182805,25.32947415,0
galaxy (213),43.84015249,207,59.86208722,312,304,24.8388,22.9124,41.64594836,37.45188014,0
galaxy (214),30.41445344,203,63.19822488,201,195,14.6063,14.7071,20.37480062,20.16648977,0
galaxy (215),30.53231161,216,64.38555672,142,292,5.9563,14.7379,14.47040394,37.53623321,0
galaxy (216),32.27055797,188,57.38540651,167,145,16.7733,15.9503,18.58066487,16.99160469,0
galaxy (217),56.16928168,218,62.93051724,317,283,30.556,27.11,32.7379606,30.67542828,0
galaxy (218),38.85057747,204,60.62874383,313,252,18.3744,10.9914,20.68098703,15.16281392,0
galaxy (219),33.09497555,198,59.25514709,176,157,12.2408,14.2666,16.518366,17.03297169,0
galaxy (220),42.85866727,214,62.66142992,274,251,26.5987,24.9555,29.99359362,26.4452249,0
galaxy (221),40.20022803,209,60.57456707,230,227,19.9503,19.2191,19.13281552,18.66784656,0
galaxy (222),42.07449833,220,63.93946307,286,274,5.8084,23.7634,14.30484147,38.65055783,0
galaxy (223),40.51001556,157,45.4662977,331,325,23.1912,23.0478,28.47076119,28.24874714,0
galaxy (224),45.72264861,225,64.98905511,178,145,19.6493,17.9323,26.94600359,22.12971569,0
galaxy (225),41.40658394,211,62.16202742,168,146,20.5304,15.2424,24.88829194,20.90601928,0
galaxy (226),38.05531627,231,67.31713839,360,370,14.3152,20.797,26.08658753,30.5440893,0
galaxy (227),45.02919787,208,60.18315837,133,165,7.6394,22.3498,10.81237105,23.97686885,0
galaxy (228),47.78479744,222,64.44968432,254,244,23.2968,24.1512,24.80300606,25.38317432,0
galaxy (229),31.84171461,185,53.40411969,122,135,14.6471,13.9805,15.26113893,16.23722636,0
galaxy (230),29.98039231,163,50.79609894,176,166,10.3668,9.5768,17.89479415,15.46942474,0
galaxy (231),34.04143619,186,54.17502697,214,229,15.7144,16.9478,19.83034121,21.16019081,0
galaxy (232),41.67519843,217,62.89754773,174,156,22.3842,20.3166,20.27123554,19.69639471,0
galaxy (233),41.34169263,218,63.6894863,156,154,13.9175,17.8355,16.03461548,18.6086281,0
galaxy (234),33.92565916,190,56.10004419,245,251,27.2354,21.1308,29.3071286,24.37127185,0
galaxy (235),31.29418838,163,51.27224408,403,383,10.0446,14.5252,25.79020765,31.7107768,0
galaxy (236),35.687907,201,58.9490838,125,195,7.3772,17.9002,13.45205264,22.26633423,0
galaxy (237),35.67905633,212,62.64826824,114,169,11.1146,14.5238,13.35319688,16.969285,0
galaxy (238),32.78629255,205,61.82466929,178,158,13.9109,12.2121,16.62549131,14.80249687,0
galaxy (239),32.82859928,206,60.09411842,121,175,9.7,13.1878,17.61483466,24.2686615,0
galaxy (240),39.20082648,187,54.84244251,145,179,6.9474,21.2456,12.30973733,21.6821143,0
galaxy (241),34.13090897,191,55.45212617,218,199,10.8889,11.6747,22.1409159,22.18378867,0
galaxy (242),31.8133044,192,55.58665872,130,145,11.4124,13.9396,14.32084237,18.82641102,0
galaxy (243),48.64993174,208,60.25053843,106,189,9.8545,24.8233,14.09132108,30.1932025,0
galaxy (244),30.59255791,187,54.92667818,132,155,8.9906,14.7902,16.67739523,26.79449914,0
galaxy (245),54.95595305,248,71.59085137,144,157,15.4008,18.0346,20.69167367,23.42590026,0
galaxy (246),33.16773778,206,61.06504095,298,219,22.5983,14.3483,38.73514086,22.21310845,0
galaxy (247),41.02964526,216,62.69759283,216,205,17.9791,17.6931,27.25042134,26.5048696,0
galaxy (248),69.01183337,240,69.28143089,194,186,24.5664,25.7716,20.83723569,25.56347851,0
galaxy (249),31.58997524,185,59.67157888,346,412,18.021,19.1114,35.74657129,35.91643343,0
galaxy (250),40.1623162,190,55.42850177,198,288,15.1554,17.1944,19.89298497,22.9732455,0
galaxy (251),33.31655902,162,49.63531692,186,199,14.8218,16.0936,21.54654601,24.1602119,0
galaxy (252),51.33956715,254,73.32291593,152,208,23.4808,23.1634,22.33100605,23.66997889,0
galaxy (253),35.47021458,201,58.95328586,166,194,13.7339,10.8769,21.08179525,17.57966855,0
galaxy (254),32.43682453,211,62.37351578,227,267,14.4213,15.2201,23.13698352,24.15028066,0
galaxy (255),58.89699338,241,69.82069532,357,290,23.9416,23.6416,39.11282896,37.87384783,0
galaxy (256),43.56371266,240,71.57918643,460,386,15.752,20.257,32.45325401,38.00021514,0
galaxy (257),40.04842018,191,55.80262053,282,250,22.0438,14.6594,38.19574429,25.11891701,0
galaxy (258),50.98872436,223,64.79584833,338,288,24.3176,23.02,28.14896677,26.15605475,0
galaxy (259),29.7052171,193,57.75455532,139,149,12.939,11.2858,15.67801898,14.04667642,0
galaxy (260),31.40172567,187,54.34143611,222,177,11.5442,10.5494,22.80731125,19.84967908,0
galaxy (261),37.86550763,220,64.91621109,343,268,18.9845,17.4321,32.34460171,26.22761883,0
galaxy (262),35.62613654,163,53.54735691,391,301,31.9248,30.1578,49.86569106,47.40425613,0
galaxy (263),50.24776577,248,71.69314913,342,339,22.734,13.2428,27.65321399,21.65200333,0
galaxy (264),46.80545854,218,64.85019804,290,216,28.6005,19.9657,32.45308768,26.19676933,0
galaxy (265),25.63078555,143,41.61521364,151,191,9.5121,11.6199,17.08439796,20.49701988,0
galaxy (266),29.83665189,162,47.32241006,205,214,9.7341,9.8801,19.00855589,18.55856471,0
galaxy (267),28.06581954,165,52.26946498,283,279,10.2883,11.8987,21.75277415,23.35777469,0
galaxy (268),43.99586879,209,60.35726795,291,242,7.7436,25.7922,14.23788113,41.27308832,0
galaxy (269),33.66534962,179,54.81927032,209,628,9.6924,28.513,20.04265906,92.28540963,0
galaxy (270),53.95621279,255,73.61159329,132,147,20.1473,20.0781,21.95088159,20.17312074,0
galaxy (271),52.78127422,242,69.85878613,241,247,20.6054,18.6154,22.77444381,20.37725896,0
galaxy (272),48.0982406,241,70.34767814,251,286,20.1964,20.987,38.38846477,40.88839727,0
galaxy (273),17.07772277,134,43.16138696,117,174,6.0384,6.713,10.12116226,13.0341333,0
galaxy (274),23.14332726,162,56.00901528,288,322,10.575,11.379,19.79780733,23.57816276,0
galaxy (275),46.86879419,226,65.29931822,205,288,21.007,30.442,26.48050134,36.62798979,0
galaxy (276),39.42765003,242,70.89877403,260,284,14.1086,15.4526,32.13559718,33.94473675,0
galaxy (277),51.5791831,244,70.43614129,228,235,12.1482,24.8826,19.32453458,30.87126524,0
galaxy (278),48.32169585,232,66.97200908,141,119,19.6472,21.5098,18.63539461,19.5488236,0
galaxy (279),35.29133752,207,59.75505557,194,234,28.0155,30.5863,26.10992263,26.63790067,0
galaxy (280),33.19539339,230,68.43209223,186,181,14.1521,15.7147,22.96037381,24.6227152,0
galaxy (281),41.34935894,236,70.74518356,335,309,17.0598,22.257,28.14201528,32.45727886,0
galaxy (282),51.65866954,235,67.83804242,173,245,14.6934,20.7084,20.03734005,26.17319945,0
galaxy (283),33.7123637,221,66.9610443,227,244,12.5161,13.6105,26.01534818,27.16550367,0
galaxy (284),51.25497289,242,69.90762197,147,185,21.7831,18.0083,20.66855231,20.69011433,0
galaxy (285),36.80078558,220,64.34985263,168,171,15.351,15.8164,17.49682254,17.40917836,0
galaxy (286),29.03500032,209,66.7863402,232,177,13.5424,9.7318,27.55690117,19.59039226,0
galaxy (287),28.01216198,211,66.43139001,236,238,11.473,13.7774,22.00477837,25.80259772,0
galaxy (288),31.67230946,207,61.73221858,355,295,12.4253,16.3355,24.22144133,26.26237879,0
galaxy (289),24.48882929,182,54.39940047,293,316,10.5024,7.8208,25.01148924,22.02306262,0
galaxy (290),34.46383784,200,58.26128882,125,182,16.7052,16.303,14.99096037,15.02408703,0
galaxy (291),49.32208329,247,71.30217388,315,277,18.129,23.13,26.39235797,29.25244434,0
galaxy (292),36.95007364,202,61.33066081,292,240,20.0038,14.6116,32.43503331,24.65145321,0
galaxy (293),55.50676581,231,66.7785728,277,300,24.1762,14.6738,23.19076009,16.74414505,0
galaxy (294),25.62442641,188,58.02662354,217,253,14.1348,15.5212,21.15774158,24.62351215,0
galaxy (295),58.25158643,234,67.56422974,243,212,35.4446,22.4404,40.3145077,28.58066563,0
galaxy (296),43.26844498,238,69.65699756,267,294,26.1156,20.0334,35.71885548,29.31075715,0
galaxy (297),47.79598899,247,72.58290969,286,281,37.523,28.1946,40.43230232,32.87335594,0
galaxy (298),57.12647182,253,73.03423855,118,303,15.9794,20.0556,20.08933985,35.55655367,0
galaxy (299),39.76300489,217,63.1505588,326,259,24.3033,22.0963,41.26535241,37.7444463,0
galaxy (300),68.96847399,241,69.57010852,328,281,29.7974,28.086,32.62060627,27.69566038,0
galaxy (301),55.61164464,227,65.5286197,212,240,20.2519,22.3417,21.68399517,21.21559665,0
galaxy (302),46.61128565,243,71.48308372,256,272,26.0402,23.9796,31.19024501,30.76723881,0
galaxy (303),38.6767692,225,66.31840502,189,241,9.7408,21.9268,20.74818583,36.84975769,0
galaxy (304),38.09995797,198,57.61181398,195,216,17.1354,15.2568,25.2982226,22.51716798,0
galaxy (305),38.64205537,239,70.52634896,234,285,14.3057,15.7411,31.35701273,33.18331314,0
galaxy (306),29.94979744,165,47.85844447,118,114,11.9683,11.0677,17.25829352,16.01403499,0
galaxy (307),33.93692346,209,62.02238556,116,106,15.1016,10.8804,15.53346959,14.22470723,0
galaxy (308),32.35664009,223,71.66130783,275,219,14.5229,14.7295,25.62522343,25.09513359,0
galaxy (309),33.03624454,185,53.84308723,137,169,15.8556,16.8014,21.32255024,21.81993946,0
galaxy (310),50.3093947,237,68.55643252,217,189,27.3506,24.0846,26.2258628,27.20422105,0
galaxy (311),45.23239639,213,62.8621927,377,325,26.9457,20.8969,30.156753,24.69681903,0
galaxy (312),29.99464712,189,55.63333683,142,160,10.6582,11.4358,16.93615578,18.37557831,0
galaxy (313),41.41136671,203,61.13308352,190,203,13.5668,18.3462,19.53130149,24.69265368,0
galaxy (314),19.43910895,129,40.82859709,216,182,13.9608,13.0008,17.5721616,14.35059578,0
galaxy (315),33.45430185,195,58.89256401,323,320,23.4973,17.9835,26.06179182,22.01708036,0
galaxy (316),40.56438355,225,65.17789158,155,157,17.6563,16.3811,19.21227135,17.56885491,0
galaxy (317),52.39850573,251,72.63965569,234,307,30.91,37.0594,32.71370202,39.8715948,0
galaxy (318),36.67032271,222,64.50301599,200,141,17.5982,13.3606,19.06622555,16.54429109,0
galaxy (319),83.24140978,255,73.61159329,167,255,35.3745,20.2499,34.68147127,28.64295463,0
galaxy (320),43.18886436,221,66.04506968,203,166,16.3648,14.5354,22.03302342,19.87970188,0
galaxy (321),30.88964358,204,60.04912185,208,200,12.6771,13.1091,19.49509773,19.24357548,0
galaxy (322),42.56240777,226,65.54658948,267,172,32.8641,30.4943,35.69829731,29.37854264,0
galaxy (323),19.28419451,164,54.00264214,190,202,7.885,8.4124,16.45964687,18.8795955,0
galaxy (324),25.68919202,188,57.63452977,175,195,7.5082,12.0624,15.07458566,23.29748283,0
galaxy (325),40.15016665,228,67.28373183,127,153,13.3349,16.1435,17.58786349,21.08785214,0
galaxy (326),34.22849263,183,56.37476816,239,252,14.6762,16.9718,22.35483289,25.06710603,0
galaxy (327),28.17417762,170,50.92509765,243,291,11.3502,15.2362,19.57771079,23.08835225,0
galaxy (328),34.08300533,202,58.68387764,126,160,16.4872,21.7054,13.51830005,18.68288551,0
galaxy (329),33.51116023,184,54.63234844,273,278,19.7615,17.3939,26.02076513,22.36153266,0
galaxy (330),37.20244759,167,48.20788317,227,270,19.8714,18.4518,26.51650924,27.86496145,0
galaxy (331),48.10548947,216,62.7677596,215,264,30.1381,41.2049,26.92516719,38.23072476,0
galaxy (332),56.33205202,232,68.7773412,390,261,28.7903,19.7353,32.73502293,23.09008086,0
galaxy (333),44.38722034,219,65.40197584,238,169,28.1065,15.8665,34.32275277,21.13755137,0
galaxy (334),38.55904265,219,64.72004788,414,310,25.5684,22.1998,36.98783748,29.81008017,0
galaxy (335),34.72298075,188,56.13164048,153,153,11.7147,13.2763,16.30852243,18.05439443,0
galaxy (336),34.27166844,214,63.20507285,200,174,17.5852,14.6732,21.06104795,18.72655339,0
galaxy (337),38.95601233,219,64.12785551,424,341,20.7572,17.4326,33.04839857,26.41252084,0
galaxy (338),42.91346525,227,68.12615653,309,270,22.6828,13.3688,29.58656425,18.77525463,0
galaxy (339),31.61340361,222,67.8204505,193,214,16.2216,15.059,19.12490767,19.91002057,0
galaxy (340),33.39958536,201,63.26881379,324,312,19.9445,19.9445,31.73698189,30.62542114,0
galaxy (341),42.04572109,216,62.45662264,218,343,11.4541,18.1177,17.62385012,37.3201212,0
galaxy (342),32.31647538,207,61.21139277,160,190,10.46,13.3824,18.00568244,22.74641884,0
galaxy (343),32.75442851,184,53.54122062,192,157,16.0564,15.2912,23.12832504,21.86116654,0
galaxy (344),20.22293134,120,38.41651844,276,277,12.8562,10.7178,23.89968037,20.54324617,0
galaxy (345),42.80881193,242,71.70960799,169,337,12.0868,20.8416,23.70784819,41.71218658,0
galaxy (346),42.00288854,201,61.18529,341,359,31.6128,33.8644,31.26912337,32.65081335,0
galaxy (347),25.40971975,163,54.22101786,322,232,20.9448,20.9446,31.14289892,27.59521935,0
galaxy (348),41.15644299,235,68.91888331,384,256,15.5285,17.2695,22.44496353,20.38874861,0
galaxy (349),34.73468134,214,63.6506667,171,218,13.2085,16.7417,16.96039586,22.81022975,0
galaxy (350),36.28080536,218,64.1734863,193,191,15.0125,14.2635,31.72140198,29.87690526,0
galaxy (351),56.71073555,211,61.8322915,223,229,23.4943,26.9887,29.1543679,32.94962477,0
galaxy (352),39.47601337,236,70.70339478,336,280,16.406,20.6326,27.93340946,31.40122955,0
galaxy (353),39.08268608,172,50.82158955,291,224,30.4303,22.9225,37.17835045,27.89616271,0
galaxy (354),31.20208479,174,51.84966155,266,331,17.4026,17.1464,19.68582011,19.0549355,0
galaxy (355),41.14574821,215,62.58998135,216,205,18.2413,17.9643,27.35693467,26.55136203,0
galaxy (356),34.47902015,218,64.27772406,216,156,18.532,13.987,23.65871882,16.96990958,0
galaxy (357),37.73468636,197,57.47554815,308,355,17.0791,14.3341,29.47187207,26.19710818,0
galaxy (358),31.42504695,199,59.58095802,167,165,15.0516,9.9084,17.17815873,12.74989449,0
galaxy (359),12.89018885,124,46.67620437,229,201,4.4264,4.137,14.76421969,13.68596474,0
galaxy (360),37.23861316,176,51.82096284,238,215,19.5499,22.6187,31.02081092,35.60906781,0
galaxy (361),49.85926207,241,69.85550073,313,293,17.1731,24.3077,28.43014485,34.1669112,0
galaxy (362),45.42059255,244,70.61144001,384,342,28.0687,26.1517,33.43555264,32.52213227,0
galaxy (363),40.42435789,194,57.02963194,169,144,17.2509,16.8877,24.04496515,22.92597411,0
galaxy (364),49.26463007,251,72.6126686,283,323,26.2584,19.5344,34.93951101,26.98733437,0
galaxy (365),47.92211296,218,64.40206551,301,330,24.9838,16.4198,32.18457608,25.49151561,0
galaxy (366),47.99545468,224,64.66258578,260,265,16.1102,26.0902,18.54718997,24.47294555,0
galaxy (367),22.75409821,168,50.57902681,251,322,8.4072,11.4228,20.12601769,31.39191043,0
galaxy (368),32.92309024,152,44.77376911,233,209,19.4712,19.1512,27.16838182,26.16176864,0
galaxy (369),30.23536622,221,69.56879387,193,257,10.9172,15.7212,21.99229738,33.01791439,0
galaxy (370),16.63922305,127,40.9746742,150,227,4.6708,10.5558,11.18218348,19.99794705,0
galaxy (371),66.51625499,251,72.45688373,356,305,25.5755,29.1797,31.52572124,32.18806623,0
galaxy (372),50.40809996,244,70.53641304,261,294,11.057,24.7404,19.09109612,32.61018565,0
galaxy (373),34.75487763,212,63.4007502,289,244,19.9034,17.7996,31.62872221,25.07401922,0
galaxy (374),27.31016777,200,61.17299976,204,204,13.8645,10.7661,25.44783173,19.87112455,0
galaxy (375),8.398671226,54,16.89466479,112,116,5.2347,5.2667,7.904657862,7.830247193,0
galaxy (376),39.03748991,204,60.99395911,252,400,21.1038,28.0736,27.57418404,37.30674179,0
galaxy (377),33.71813283,218,64.10155114,133,122,13.9494,10.0988,18.60521539,14.43451553,0
galaxy (378),27.1859014,203,59.97890664,379,265,11.4761,10.3769,28.7947778,25.06152522,0
galaxy (379),32.38589939,168,49.31793144,222,190,20.6568,14.4682,22.04287671,17.74055774,0
galaxy (380),29.17720549,166,52.19172951,283,179,15.5312,15.4136,21.9171172,20.34510101,0
galaxy (381),19.99971636,128,39.43579678,269,241,14.8161,14.5199,28.77953927,27.79943892,0
galaxy (382),22.17559353,169,53.10920499,336,267,11.2356,8.2124,27.87140636,18.34832107,0
galaxy (383),26.41394337,203,60.29993505,101,234,5.2784,14.8166,11.86673053,35.87092924,0
galaxy (384),45.27103659,194,56.1992041,279,282,24.0331,22.0745,35.19367847,31.79226556,0
galaxy (385),22.54363245,161,54.14099276,246,182,10.2847,6.7559,23.52675596,14.99392928,0
galaxy (386),40.94411718,206,59.89202844,229,191,20.8857,15.6739,26.37390444,20.33421154,0
galaxy (387),42.85118116,200,58.30543692,183,146,16.4785,12.9621,24.4039943,18.43796799,0
galaxy (388),33.98005546,207,61.15541576,346,288,15.406,17.584,27.2338239,27.28739167,0
galaxy (389),33.62763928,211,63.75797343,206,151,16.6807,13.3205,19.93099464,15.92887252,0
galaxy (390),36.1079527,209,61.47022706,277,346,16.2516,18.6976,33.71841481,40.50161669,0
galaxy (391),53.50101045,228,66.09086869,246,251,28.5398,29.8384,30.56511436,32.32353145,0
galaxy (392),38.07260514,212,61.58205647,107,116,16.3284,22.0886,14.77447642,18.34480717,0
galaxy (393),39.00519138,202,59.51906988,96,137,8.0628,22.7526,10.38146696,27.14291792,0
galaxy (394),34.4157959,209,62.67963585,224,227,12.6715,12.8161,18.40108659,20.22840777,0
galaxy (395),34.10953886,214,63.56495114,114,113,11.3522,12.196,13.03920838,12.54756486,0
galaxy (396),36.09116335,192,56.53535548,274,239,18.8718,11.6584,30.19278001,20.68726443,0
galaxy (397),41.00817401,233,67.87579144,178,177,24.1115,31.0933,23.38033934,27.27327987,0
galaxy (398),39.2576605,207,61.59262061,289,257,25.6602,25.9832,35.23650573,34.21185347,0
galaxy (399),29.02376486,189,55.79609955,333,259,14.8796,8.7912,30.4632878,18.22226118,0
galaxy (400),32.92594991,205,59.69788783,204,200,18.4892,18.0034,27.8602025,28.0106085,0
galaxy (401),40.15629079,193,55.740189,216,207,23.3775,28.2697,25.72681857,32.69199232,0
galaxy (402),37.16529034,237,68.72707223,232,251,17.5124,18.26,21.88230898,21.85180999,0
galaxy (403),55.69539148,234,67.67718484,242,247,23.3117,21.7745,30.72776827,28.46644076,0
galaxy (404),33.91772992,176,50.87449584,206,203,16.2687,18.8349,17.97630942,20.70705295,0
galaxy (405),24.75201758,173,51.83200025,378,343,15.2723,12.3369,33.73289422,26.93551927,0
galaxy (406),53.45016128,234,67.7837487,288,336,29.8065,28.0243,33.82559471,33.53389493,0
galaxy (407),44.23433156,219,64.72019769,234,174,28.3713,15.3747,34.22295482,20.71046837,0
galaxy (408),29.46970654,195,60.65574733,305,280,14.6277,10.3569,32.68914641,21.7876874,0
galaxy (409),31.73874036,176,53.68615725,181,236,8.4591,16.3611,12.5973381,18.86800749,0
galaxy (410),38.07032098,221,65.11820689,175,224,14.6588,18.4132,18.02483239,23.42241375,0
galaxy (411),40.83391984,201,59.33680072,217,219,21.1182,22.3462,24.30328844,25.43429074,0
galaxy (412),41.98783531,224,65.12005185,180,192,9.1992,18.478,14.61620742,24.59038666,0
galaxy (413),25.74471143,173,65.732632,221,224,15.4717,15.7909,24.56556531,25.56057858,0
galaxy (414),36.4993871,179,51.90986539,306,273,14.1414,17.5874,20.51686638,23.90316216,0
galaxy (415),33.22433531,162,49.5041597,188,203,14.7624,16.1034,21.44972136,24.14122425,0
galaxy (416),42.527981,205,59.54994724,161,127,15.1878,12.713,20.3312993,17.09659121,0
galaxy (417),39.68920748,212,62.06381489,143,144,17.4308,18.368,19.40910125,18.85988802,0
galaxy (418),23.73063493,177,57.39495107,201,205,11.8477,13.0603,17.53873156,20.84949074,0
galaxy (419),46.1687896,204,58.88901992,351,348,33.7127,24.5887,43.90140953,32.23183104,0
galaxy (420),42.09242893,212,61.29453794,169,158,19.7927,18.7685,20.44545247,19.80008353,0
galaxy (421),32.15276205,162,53.744887,273,317,21.9573,19.2489,30.1226406,27.04589338,0
galaxy (422),46.37963043,238,70.43118885,262,352,20.4963,22.3909,32.36987776,35.65799345,0
galaxy (423),33.21009815,215,63.52212409,199,199,11.2749,13.1437,19.07665406,22.10808111,0
galaxy (424),41.70150877,218,63.02489094,244,210,18.0329,21.0031,23.46670445,26.80027407,0
galaxy (425),28.63318598,173,52.09566554,276,282,13.3233,13.9651,26.47619642,29.20381622,0
galaxy (426),57.80342096,232,67.15529179,458,293,21.1504,24.631,30.39576911,32.86449816,0
galaxy (427),38.24309453,203,61.47751042,172,156,15.9742,15.9006,19.73237782,18.97736335,0
galaxy (428),38.10132781,216,63.6232885,150,154,12.5121,14.2121,14.64416107,16.28446848,0
galaxy (429),35.40458894,227,69.78281431,270,322,9.0454,20.1758,20.51243864,36.57361473,0
galaxy (430),23.9291937,148,45.44846334,207,186,8.0606,10.1994,13.54802302,16.16518604,0
galaxy (431),38.20784532,185,56.06996568,214,207,24.4768,24.4804,23.89053498,23.51603317,0
galaxy (432),49.98841293,252,72.79250805,316,250,17.9284,17.2358,22.92846862,25.11169047,0
galaxy (433),56.95345426,214,62.35772259,224,233,24.3572,27.3766,29.2226352,32.58784701,0
galaxy (434),39.77183701,201,58.4117088,163,136,15.9262,15.1342,21.0672721,19.10108349,0
star (1),27.50825508,218,72.2557217,201,237,10.4356,11.4708,23.918634,25.16030897,1
star (2),17.4550266,162,66.27547665,268,295,7.3516,7.5382,22.58392741,23.40660037,1
star (3),36.27704522,200,58.06165602,68,102,10.3362,14.1044,12.27010878,14.42029475,1
star (4),13.64902125,142,49.1192458,199,163,5.128,4.832,16.84397269,14.74115247,1
star (5),9.776371139,115,39.12700855,142,150,4.3016,4.3192,12.84249343,12.1592233,1
star (6),8.457082029,102,34.15295671,180,173,3.4718,3.6358,11.54140393,12.76711237,1
star (7),17.82374768,142,43.5800754,128,129,5.9696,5.914,15.13583416,15.77328767,1
star (8),10.67984875,124,39.08580704,154,171,3.7556,4.3536,13.34424478,12.90540844,1
star (9),15.76259579,149,48.56074298,162,208,6.4956,7.1008,15.36692489,18.04670162,1
star (10),16.79842284,146,43.5627773,120,155,4.9266,6.372,13.45750395,17.64263631,1
star (11),11.70312949,123,36.40652767,104,119,5.2114,5.3514,12.34948218,12.69578347,1
star (12),8.583563838,101,33.4577764,129,131,4.6249,3.2483,10.96988605,9.859728552,1
star (13),32.55004248,224,73.25592838,242,242,10.7261,12.5493,26.51027874,29.45423517,1
star (14),13.24543755,102,30.69584515,85,119,4.255,5.1754,8.550671026,9.061646365,1
star (15),7.31888486,94,32.33151648,137,153,2.3126,3.2194,9.236843684,11.83724899,1
star (16),28.46211945,212,66.89310236,206,374,6.3156,10.4408,21.05951558,34.20613535,1
star (17),21.00392142,181,60.68520963,226,319,4.7618,6.5112,19.39576915,26.50295219,1
star (18),26.02809962,200,62.63491917,216,329,5.2758,7.6886,21.09813106,30.96707655,1
star (19),4.551139528,57,17.06114869,71,79,1.1478,1.2144,5.591811438,6.029646146,1
star (20),34.63659336,225,68.97178153,247,212,10.9604,9.8554,29.17613806,25.91042437,1
star (21),31.01192492,182,52.53808143,113,134,8.4308,8.8912,17.54724512,17.59885117,1
star (22),33.77346528,205,60.17886368,183,199,9.4196,10.1656,22.41705904,24.47547296,1
star (23),12.85341864,132,42.25780664,150,186,3.603,4.3546,13.53312939,15.13469718,1
star (24),21.92254859,192,67.27657774,243,260,8.4496,8.525,23.96374887,24.42635001,1
star (25),7.871181116,92,39.45991721,251,199,3.8686,2.905,15.60304887,11.38413699,1
star (26),14.06513705,139,45.08347415,182,190,5.0224,5.7986,15.49827404,15.60749942,1
star (27),67.73010195,241,69.57010852,123,129,19.5332,23.6964,23.33943225,27.55672018,1
star (28),15.73024343,148,56.89345668,246,243,4.5782,4.477,20.09051728,19.95130249,1
star (29),13.27128465,132,39.86378897,158,126,3.6596,3.3018,13.98869286,12.91112376,1
star (30),20.36093689,170,50.86376539,202,186,4.7456,5.9236,17.39457044,20.92243683,1
star (31),18.31335115,162,52.81171424,173,206,4.7338,4.4372,19.12396239,18.30804348,1
star (32),15.54567467,141,42.7260143,140,146,4.4348,4.4536,15.09375861,13.94497928,1
star (33),11.83023851,115,34.78141954,111,111,3.151,3.1578,11.87047594,11.54624178,1
star (34),24.02857659,185,54.14866747,167,171,5.785,6.1,18.85690258,19.82596782,1
star (35),13.97475418,148,50.21775946,189,180,12.3268,9.3244,17.6479971,14.42983592,1
star (36),9.485226247,86,25.11436255,62,86,2.2754,2.5292,7.890890624,8.778333974,1
star (37),8.78600924,81,23.63027464,68,96,2.1224,2.691,6.949490502,9.44799021,1
star (38),6.192934987,68,19.82860709,74,69,2.2128,1.6894,7.410581365,5.249107318,1
star (39),40.12348354,208,60.04373406,151,191,10.3224,12.0646,20.18853779,24.97357857,1
star (40),42.56035263,210,60.62109094,172,163,12.015,11.057,24.74377851,22.66202001,1
star (41),19.12834832,176,62.44923119,278,299,6.6718,8.1188,20.8513665,26.34729372,1
star (42),13.67664551,141,44.03497497,193,160,5.6778,4.6036,16.50543508,13.11881348,1
star (43),62.06878106,223,64.37390776,63,96,14.7168,24.1702,13.2650442,23.13365151,1
star (44),33.81859888,197,57.28312075,155,142,10.191,10.1474,21.41891965,20.92634878,1
star (45),43.93666824,227,65.5286197,191,204,11.6906,12.5112,24.51203116,27.57122548,1
star (46),51.60814198,248,71.99368837,232,286,22.5834,24.841,33.91811381,38.29520491,1
star (47),58.72929339,205,59.1776985,72,94,15.5066,18.818,17.17452638,17.21661628,1
star (48),49.2005227,190,54.8475159,60,64,12.6418,13.05,15.56488653,14.2786659,1
star (49),33.69593135,215,62.61426444,199,247,7.6714,9.1172,23.55516126,28.40736285,1
star (50),46.75320609,231,66.68333125,214,225,12.2904,11.9912,28.96637823,27.70823204,1
star (51),21.55257239,168,49.16830823,151,110,6.124,5.2062,18.15641,15.62831026,1
star (52),32.11503769,192,55.42487408,143,175,8.0624,9.144,18.6142286,21.42536497,1
star (53),11.62446236,122,38.97288179,163,145,3.03,3.0128,13.2061993,13.3295925,1
star (54),4.466677422,45,12.98717316,40,41,1.554,1.309,4.637120227,3.610141133,1
star (55),74.04233121,248,71.59085137,135,152,18.702,21.1762,27.43164224,30.65225528,1
star (56),10.7529461,92,26.62926351,78,70,2.956,2.9672,8.332038406,8.171249853,1
star (57),40.03774693,239,72.0795279,211,259,15.3648,16.9376,27.79449803,29.17741089,1
star (58),45.16796307,211,60.90976933,163,151,12.8704,11.2308,25.1966189,21.92123015,1
star (59),13.37578554,99,28.57738033,78,92,3.3442,4.0904,9.106356371,10.61001545,1
star (60),31.60646208,209,61.43572381,187,139,11.3643,9.1287,25.87157486,19.79199172,1
star (61),23.8808241,148,43.15472094,112,90,8.8142,7.0336,15.38313617,11.97154422,1
star (62),36.2185345,211,60.90976933,176,139,11.2402,8.3194,27.25530598,18.56025279,1
star (63),21.80609664,173,51.13229518,162,179,6.0402,5.6978,19.1934568,17.3293126,1
star (64),17.82444398,158,50.49242377,227,195,4.474,4.9826,18.11338522,19.59350651,1
star (65),11.97082061,115,34.77827582,138,102,3.9728,3.0466,13.18892187,9.784877538,1
star (66),34.56987914,221,66.96842026,208,204,9.5232,10.0144,26.36697294,27.01964457,1
star (67),48.73706145,237,68.41539788,198,200,13.1778,12.2334,29.32150725,26.08866276,1
star (68),19.12219002,172,66.32073354,290,271,12.0939,11.6563,22.70337162,23.31453989,1
star (69),21.11338052,184,55.1649483,181,159,7.972,7.5714,19.76818191,17.83685236,1
star (70),46.75275043,181,52.24940191,80,76,15.7386,14.4458,15.36024967,13.17136524,1
star (71),8.064800831,74,21.36000936,65,43,3.084,3.0596,6.020726202,5.833819318,1
star (72),11.22523081,99,28.57738033,100,90,3.4778,3.2952,10.63898995,9.235521477,1
star (73),65.66916451,250,72.1682063,350,339,26.184,25.5518,40.99528197,40.25000518,1
star (74),40.04514757,242,71.50639079,262,255,18.1884,20.1216,30.14796022,32.64080596,1
star (75),14.29060279,152,55.04699421,209,157,5.2538,4.4136,21.12698714,16.58730041,1
star (76),15.42903846,135,40.69716862,108,109,4.6099,5.7223,10.04087257,12.76006202,1
star (77),11.43797766,111,32.44863209,85,87,3.6986,4.126,8.956671147,10.22276499,1
star (78),35.63714613,193,55.71355311,75,78,10.3771,11.3225,15.37470961,15.4866166,1
star (79),47.4494243,247,71.30217388,187,188,22.876,23.9442,27.44972539,27.69979217,1
star (80),9.918420902,78,22.51480994,40,48,3.216,3.2912,5.952120967,6.675627503,1
star (81),13.29576789,96,27.71130936,75,74,5.0862,3.6858,8.762338133,6.630149196,1
star (82),5.62803818,72,21.88669881,102,105,2.8576,2.5094,8.096018913,7.135398492,1
star (83),10.62986534,101,29.26737697,89,72,3.8872,4.606,9.958969633,9.978144316,1
star (84),7.146998653,59,17.02938637,32,52,2.6936,3.819,4.354735243,6.86833597,1
star (85),7.455168902,65,18.76166304,48,31,3.4234,2.7504,6.478250724,4.106129545,1
star (86),23.19941186,194,59.05422714,148,179,6.0226,6.7572,19.42163972,21.34278445,1
star (87),24.58232145,195,66.1292071,226,222,5.9594,6.0752,25.42177318,24.65686405,1
star (88),33.87802453,202,58.60259458,92,96,11.8985,12.5429,17.45543462,18.54047895,1
star (89),11.73990819,68,19.62778643,24,24,3.4234,3.8984,4.922533132,4.942578016,1
star (90),21.05258884,185,70.14866817,251,284,10.9638,10.0378,24.59840827,23.37975131,1
star (91),8.948826166,107,41.85618332,217,209,6.7184,6.3686,14.11364947,12.56231404,1
star (92),22.9603447,166,48.16259032,160,168,10.151,11.1748,18.1677241,19.7871788,1
star (93),39.14932927,232,67.25198358,116,111,15.5172,15.0884,20.60329353,18.80556794,1
star (94),45.55350504,201,58.02298395,128,131,19.1736,21.4022,18.46592708,19.55125661,1
star (95),16.52656213,158,53.19160855,172,175,7.7978,7.8542,16.94862576,17.59084826,1
star (96),27.6218298,209,61.5199213,124,104,13.5844,10.8104,19.25330301,15.69178294,1
star (97),41.27664453,241,71.04621896,103,116,13.7599,15.7711,18.01975727,20.40311017,1
star (98),10.65329843,112,33.86128196,103,112,4.296,4.6858,11.05399403,12.08112902,1
star (99),19.38125115,154,44.45503346,110,94,7.754,6.6,15.0200028,13.08760482,1
star (100),27.50727563,192,56.10071916,108,151,6.6608,8.7924,16.87593385,21.11238268,1
star (101),15.83323254,150,62.26278396,303,203,10.1948,9.0942,22.3977466,18.666476,1
star (102),27.64592997,215,63.83848942,140,123,9.4674,8.0688,22.55099415,18.13826526,1
star (103),28.03201418,198,58.8519742,126,118,12.3846,12.048,19.06276693,18.44001887,1
star (104),44.60566143,204,58.88901992,193,127,13.1664,16.1514,19.68528158,21.27820195,1
star (105),27.00866577,182,52.69306311,153,171,12.3729,10.4043,20.50209857,18.89058076,1
star (106),46.8109263,228,65.81729763,142,112,13.3222,15.907,20.200866,22.6708304,1
star (107),56.06360796,224,64.66258578,224,183,20.7978,27.1148,21.54305724,25.38860022,1
star (108),59.47526749,213,61.48712602,83,90,19.5898,20.8726,17.02494452,17.97586074,1
star (109),53.69167282,217,62.64183905,92,96,21.1029,19.7183,18.23013197,17.53098814,1
star (110),54.12099998,197,56.86826883,164,103,25.8881,20.9809,21.00935454,18.46927544,1
star (111),45.04366433,187,53.98147831,111,91,16.3134,14.6238,19.18607778,16.17618847,1
star (112),69.506073,251,72.45688373,331,354,25.8038,31.6808,38.00145662,45.68619607,1
star (113),25.17555396,211,66.27615446,265,241,15.2585,14.7711,24.69279405,22.73654558,1
star (114),46.71611396,200,57.73430523,88,119,18.5172,19.4438,15.70522538,17.49298835,1
star (115),60.0847115,218,62.93051724,98,64,25.8178,13.5724,19.33438396,12.68859166,1
star (116),52.32319943,228,65.81729763,111,131,14.7414,16.8962,21.94638754,25.24924604,1
star (117),36.46231139,188,54.27015755,124,108,11.8908,9.693,21.717916,18.33691225,1
star (118),43.39126875,198,57.15694767,127,99,13.0493,9.9505,23.75031094,18.94805134,1
star (119),58.42639573,213,61.48712602,64,68,18.6999,16.5441,16.7467143,14.64233093,1
star (120),64.31007374,238,68.70407557,96,108,16.3806,18.5206,23.08001611,24.45416479,1
star (121),36.32555478,128,36.94928957,48,48,9.8186,12.6834,8.39724324,10.53295611,1
star (122),40.73997305,168,48.49656345,48,44,11.8462,11.8384,10.11112979,9.951566984,1
star (123),40.85919482,206,59.46637705,175,160,11.5552,12.1816,21.82272561,25.48177822,1
star (124),26.7107121,208,62.5495364,139,141,7.5562,7.5688,18.53089964,18.1852376,1
star (125),44.94577932,241,73.17980737,206,252,10.2836,13.47,27.73064678,35.38658927,1
star (126),82.64206679,241,69.57010852,138,156,19.0748,24.4002,26.62661835,31.89669952,1
star (127),73.51472938,236,68.12672016,140,118,19.737,21.3906,24.6691433,25.86143135,1
star (128),72.45642982,230,66.3946534,123,128,25.7303,25.0807,24.60470609,23.78106784,1
star (129),15.81126102,148,48.8738047,121,146,5.9289,5.8565,15.55478848,16.03121666,1
star (130),11.94654452,102,29.44344862,48,55,3.821,4.8078,8.050562651,9.175721179,1
star (131),29.87532714,215,73.4384134,303,257,13.2272,13.8976,28.67579781,29.29417202,1
star (132),37.75107505,148,42.72294466,182,182,16.9286,16.6778,19.47871921,19.87643296,1
star (133),35.25782857,234,67.54936467,192,136,10.924,9.659,24.53603114,22.54258013,1
star (134),56.47271232,220,63.50787353,118,107,18.9228,18.9234,21.48187702,21.3037164,1
star (135),22.88481089,184,54.2082207,111,138,5.9934,7.244,13.97800259,16.49677132,1
star (136),41.78822322,210,60.62109094,88,124,15.3977,19.8003,16.71625959,21.21702665,1
star (137),54.84264103,251,72.84750578,147,231,18.6362,24.8964,27.72524571,38.63091595,1
star (138),27.01808181,123,35.50586806,67,107,7.7032,13.2064,9.997495174,17.20493531,1
star (139),17.25954228,168,61.33588892,234,202,7.3808,6.7152,20.26977038,18.17713643,1
star (140),44.62346144,189,54.55883674,167,115,14.3319,25.8927,20.74864676,21.41557813,1
star (141),33.42584533,235,69.87170757,113,145,10.5384,13.9428,18.44787049,24.19944066,1
star (142),10.62179162,119,45.3978482,200,240,4.6861,3.8779,15.0573559,15.06883511,1
star (143),11.33512416,118,49.50550723,213,262,3.3872,3.407,16.42937236,17.01082452,1
star (144),14.49493829,139,61.74270891,279,306,8.1666,9.696,19.74757819,22.85852541,1
star (145),9.288226082,104,33.27713195,125,116,7.4272,6.9876,10.74720895,10.17326134,1
star (146),33.62753547,221,64.52986089,164,170,12.6654,12.3668,22.75217007,22.11366676,1
star (147),13.65270035,136,55.37211284,253,257,7.0404,9.209,18.61931706,20.47127058,1
star (148),13.02849871,127,39.2707124,114,123,5.3495,6.3215,11.70331362,11.73901775,1
star (149),35.46627829,231,70.46095196,201,207,16.9731,16.2633,29.87372719,27.69084277,1
star (150),39.6801444,237,70.30870196,230,242,17.2507,19.2311,30.6646906,31.00572677,1
star (151),10.97203607,118,52.13255499,314,201,6.5812,5.0348,19.56864856,14.23220956,1
star (152),8.602302598,106,37.69194262,160,174,3.9702,3.9374,12.2008898,13.2669771,1
star (153),20.25713768,181,63.88340859,204,263,6.186,7.1694,20.31166177,25.08418433,1
star (154),60.11762933,249,73.10783697,181,204,17.3416,20.6232,32.70471693,37.22753311,1
star (155),38.76287387,237,73.73541647,237,219,11.7538,10.2764,33.69130133,29.67663733,1
star (156),40.48900559,239,73.51592958,226,309,10.8232,13.9692,30.32709583,40.11047558,1
star (157),21.34457769,188,60.80319777,184,210,6.8856,8.0756,18.29676235,20.35775245,1
star (158),14.77881554,134,39.35330994,90,114,4.2544,5.7074,11.08019317,13.53346169,1
star (159),31.42916277,223,71.27273596,199,254,11.9836,13.233,22.64870705,24.70425694,1
star (160),5.918905743,60,17.4854225,47,44,2.9599,3.2525,4.953028567,5.486450925,1
star (161),57.60472132,188,54.27015755,91,72,17.6926,15.6788,18.22918828,17.36084763,1
star (162),34.54755155,235,70.10292298,169,190,10.4628,12.5976,20.76210529,23.62277872,1
star (163),12.63942908,93,26.84523546,52,52,4.9938,4.2974,8.612140359,7.783633678,1
star (164),36.41631894,169,48.78524367,100,104,10.4558,9.4114,19.48228032,19.56661826,1
star (165),33.03741738,158,45.60975773,55,56,11.244,8.7826,10.94361293,10.98881874,1
star (166),22.65301775,123,35.50586806,55,72,6.576,7.7466,9.363686454,10.45777168,1
star (167),56.7670552,220,63.50787353,87,84,15.3026,15.2794,19.9677348,20.71182116,1
star (168),8.609969642,78,22.51480994,64,60,4.1894,3.8516,7.896336343,7.506875345,1
star (169),18.04272076,157,69.64605578,305,347,4.2344,4.928,21.29137987,24.89415626,1
star (170),9.006908102,87,56.30922448,393,392,2.0328,2.0112,18.73461834,18.69463224,1
star (171),5.264276276,53,37.95599933,313,304,0.9888,0.9496,12.24199635,11.94182816,1
star (172),14.10321228,124,61.86852637,456,420,9.9923,9.5915,24.60410211,20.24643741,1
star (173),23.87391274,199,67.14073793,250,271,6.2878,7.0948,22.10473187,25.34373715,1
star (174),5.022568741,53,35.83839961,257,265,1.6426,1.76,11.70084036,11.92924977,1
star (175),10.06893435,89,56.74704835,374,372,2.2276,2.3044,19.24196451,19.97256971,1
star (176),15.14711383,134,71.49169289,396,389,3.7674,4,23.79059682,25.0736874,1
star (177),11.60942768,102,65.59066571,432,419,3.6547,3.2471,24.3289389,21.23165659,1
star (178),10.03197057,109,50.80144489,273,251,2.7596,3.1252,16.23487628,15.0363468,1
star (179),9.428168068,115,36.74038074,169,169,3.3306,3.5076,12.66975547,12.85531572,1
star (180),3.90120527,41,25.28387315,206,212,1.313,1.599,7.63162047,7.9776437,1
star (181),6.784281155,57,49.27440892,361,405,1.2514,1.3536,15.72933559,16.79650461,1
star (182),4.948384576,69,30.08784311,131,244,1.0063,1.6723,7.707182385,13.81841933,1
star (183),16.20905174,145,61.61127574,245,240,4.6346,4.1056,22.02416134,20.24920859,1
star (184),44.8272397,213,61.48712602,182,239,10.329,13.752,22.30024572,31.02000799,1
star (185),39.16275267,149,43.01162634,89,79,16.651,10.171,14.03342435,9.44010376,1
star (186),34.5271963,228,67.36720505,131,135,9.8954,10.0898,18.87105876,18.19727826,1
star (187),9.140590493,109,42.02371465,236,172,2.5068,2.103,15.75805679,12.92434103,1
star (188),47.62288267,242,71.85745153,328,277,17.5453,12.2211,44.57829234,31.88464858,1
star (189),11.95296756,126,49.74556895,205,257,2.6398,3.8624,14.09393685,20.49268812,1
star (190),24.78872534,191,56.69008213,147,111,9.2004,8.837,17.80134377,16.11621019,1
star (191),8.948571542,82,59.54219556,363,431,2.2558,2.6984,18.37939516,21.5082272,1
star (192),32.7363347,212,69.11453004,158,158,9.302,10.15,18.02371205,18.90336742,1
star (193),28.17133176,187,76.64944567,393,466,7.0684,9.108,29.46926741,36.25613791,1
star (194),17.65834556,149,69.30740977,340,356,4.4112,3.8014,27.88132197,24.08095011,1
star (195),15.09063293,133,69.66605126,348,326,3.6636,3.1868,26.65512024,23.64594058,1
star (196),9.606812883,80,58.44393547,375,363,2.2048,1.9844,21.16232163,19.27097187,1
star (197),8.680254614,78,55.99303751,344,397,1.773,1.951,18.3412996,20.20634551,1
star (198),16.96787188,120,75.97688062,496,450,4.0418,3.5668,31.49767694,27.40191486,1
star (199),10.0516604,86,54.79612639,365,421,4.2869,5.1749,15.99924962,18.59396434,1
star (200),28.67237038,218,69.73572101,177,201,7.9236,9.1306,19.60338652,22.24107784,1
star (201),16.88681106,162,53.75498509,142,148,7.1054,8.385,15.10518755,15.82847987,1
star (202),20.87168312,186,68.57759719,233,245,5.4476,5.972,20.08154512,21.58994247,1
star (203),25.00583064,177,75.80985275,390,370,6.5438,6.266,29.63232494,28.60951667,1
star (204),12.87993633,121,64.68244106,312,391,3.178,3.7698,18.8024976,22.33131004,1
star (205),10.8805194,112,59.39460136,337,369,4.0415,4.3217,18.50338287,19.97994517,1
star (206),4.365285782,42,32.09068959,269,275,2.4555,2.4761,9.922561149,9.642158928,1
star (207),15.76887485,148,61.29021987,312,250,4.8948,4.253,24.2755913,19.71110831,1
star (208),2.582177964,36,18.54030894,145,137,1.3954,1.5136,5.641051218,5.409178777,1
star (209),23.41134714,188,61.09550364,230,251,12.4628,11.455,33.31083632,30.34623823,1
star (210),9.337726896,94,57.91216656,423,409,3.2562,3.3666,19.16442437,18.50575058,1
star (211),11.25699829,110,59.31500444,327,321,2.8464,2.848,18.95750002,18.84382382,1
star (212),15.84766519,167,54.64409636,172,211,7.1358,8.012,16.48010796,18.20516015,1
star (213),13.08017427,123,61.73090373,319,299,3.2326,2.9944,21.21143789,19.47916756,1
star (214),16.6062843,140,57.01109989,281,260,6.1708,5.6818,15.36077561,14.49196152,1
star (215),3.178693051,33,22.30187744,187,199,0.78,0.956,6.628046469,6.525386119,1
star (216),12.92768469,110,70.92190793,412,447,3.4138,3.9932,21.64619989,24.07933458,1
star (217),65.96195836,254,73.32291593,242,197,24.9501,17.0147,39.43502517,26.862239,1
star (218),49.18691149,195,56.29091105,102,111,16.2066,18.1254,14.44903168,16.62406313,1
star (219),50.8737698,246,71.75109507,149,159,13.0257,13.2927,25.97338329,26.48398812,1
star (220),75.87141095,237,68.41539788,209,203,24.3024,30.9854,27.95250533,27.12691259,1
star (221),16.81840432,143,48.43819355,191,196,5.7733,6.3897,14.7620902,15.27799836,1
star (222),21.43771668,166,53.69925743,255,160,8.8707,5.8229,26.01705943,16.38168903,1
star (223),39.30205739,240,72.45628172,215,198,12.1098,13.458,27.34660754,28.49053941,1
star (224),29.2191849,221,65.45753125,136,125,11.5552,11.0166,18.01291073,17.63147539,1
star (225),27.63225674,211,70.19777834,187,238,6.0038,7.7408,21.99837234,28.25776381,1
star (226),72.85706796,252,72.74556115,132,147,15.0994,20.7808,24.24451525,31.01665926,1
star (227),17.02752695,143,70.73037367,324,325,3.8152,3.7848,25.93262518,25.81323864,1
star (228),34.75287718,221,65.35382763,166,167,9.9373,8.9689,22.55538004,20.17074944,1
star (229),29.14626623,208,64.77625065,183,208,7.8128,8.4382,21.10754264,21.79640752,1
star (230),47.60993146,239,71.72372196,216,224,15.0242,14.976,29.664211,29.67992291,1
star (231),19.2913948,174,71.90741233,345,258,9.8994,8.0116,28.45149345,21.34445749,1
star (232),4.838032632,60,25.14696249,126,176,5.1052,6.2062,7.118056825,9.220872061,1
star (233),10.2935957,107,55.58649726,261,307,6.6949,7.8053,16.49466623,19.14800752,1
star (234),7.93963127,72,51.2491023,343,403,2.4912,3.5646,15.05564089,18.40544558,1
star (235),17.95086275,163,51.71362194,198,157,9.088,8.0052,20.0002964,16.69440544,1
star (236),6.314075526,72,38.06499275,239,244,2.7054,2.6088,13.01496104,12.8674847,1
star (237),49.1142102,179,51.67204273,87,80,16.8386,14.1414,13.75046727,12.70978387,1
star (238),5.160222258,59,35.17286894,275,264,1.3494,1.5516,11.52430994,11.15786438,1
star (239),24.57953767,196,67.74403954,193,241,5.9501,7.0563,20.27297733,24.2024943,1
star (240),78.29422282,247,71.30217388,195,261,28.7451,37.4771,27.12344237,37.67740537,1
star (241),16.38165406,142,74.48916157,414,452,3.8706,4.0842,24.85968736,26.99063746,1
star (242),39.74376665,173,49.93996396,188,51,17.705,9.1448,20.7580388,9.880801231,1
star (243),10.59735319,110,49.8389008,254,209,3.0126,2.9538,16.86054095,14.30220492,1
star (244),55.85745353,194,56.0022321,98,102,17.7203,21.4023,14.2936723,15.11706502,1
star (245),23.36549747,94,27.54461585,215,226,1.6008,6.3042,6.928335973,7.78042816,1
star (246),24.36805716,201,62.68305842,166,168,11.2816,10.2114,19.0551437,18.03649384,1
star (247),6.178640367,40,17.88567863,156,171,0.8942,1.7698,5.671825664,5.806393714,1
star (248),3.650667002,24,9.519625197,72,80,0.5498,1.0428,2.660924644,3.181912658,1
star (249),26.91789947,115,33.19638535,34,35,8.9269,8.0437,5.683568983,5.509754106,1
star (250),19.84025985,181,63.91996298,217,287,4.8118,6.5276,19.58975193,25.41101805,1
star (251),11.56034231,109,54.33779758,253,320,2.5756,4.2052,15.89139027,19.13961057,1
star (252),48.31089487,245,72.51267864,333,282,20.4781,10.4561,44.13902038,28.13760602,1
star (253),49.88779832,247,71.30217388,185,240,18.7364,25.9694,28.94656655,35.08300249,1
star (254),27.63485277,206,61.37230201,170,153,9.9994,8.5634,20.37003681,17.55838775,1
star (255),44.36051927,233,71.47870593,234,248,13.0768,12.2086,31.90706978,30.93220144,1
star (256),15.1619327,148,56.46591181,220,279,4.2742,5.6658,14.05901186,17.36224958,1
star (257),15.37645183,149,46.48319047,163,111,7.9084,5.0276,18.37457508,11.9888047,1
star (258),38.24055199,182,52.53808143,64,63,12.2716,12.1666,10.05515954,10.02198805,1
star (259),19.24387316,171,65.00859511,228,302,5.1084,6.6,17.54579293,22.19945495,1
star (260),44.05031069,182,52.53808143,52,115,9.3858,21.9892,8.212049583,18.70594781,1
star (261),16.10810754,141,43.23233578,133,107,5.83,4.567,11.82622932,10.18197972,1
star (262),42.36767947,225,64.95126378,83,81,12.579,13.5474,15.27121996,14.69434426,1
star (263),22.66239626,192,61.81362609,162,176,6.3828,7.7556,15.60316199,16.96629213,1
star (264),22.92632005,181,59.14332204,158,146,7.3928,6.9604,16.5899038,15.967017,1
star (265),6.301147829,60,20.99269714,123,108,1.3862,1.8856,6.042685625,5.267268043,1
star (266),52.2065092,253,73.03423855,79,80,15.5212,15.5016,15.59555547,15.64128503,1
star (267),23.09982158,183,60.85730992,190,222,6.4046,7.1256,17.91481786,19.6457788,1
star (268),14.96023256,156,55.50721681,227,201,7.3746,6.9742,18.99453276,17.92134856,1
star (269),9.418926677,80,60.65533262,432,390,3.2268,3.1462,21.04677557,18.96586475,1
star (270),18.19774886,161,70.72312348,319,351,5.526,6.207,22.37394744,25.09324513,1
star (271),20.0974232,159,74.57852194,411,349,5.6138,5.0224,31.18769067,25.11597695,1
star (272),25.63292751,200,64.49339113,265,207,9.8504,6.5556,20.92516236,15.86049522,1
star (273),20.5480145,178,64.50624817,269,259,5.4864,5.487,22.94309515,22.31604425,1
star (274),57.36845919,241,69.57010852,83,90,16.0474,16.4422,16.9966277,16.87540397,1
star (275),52.90530048,251,72.72342882,264,169,26.0067,20.5227,39.2318755,26.30974125,1
star (276),23.86692281,175,57.48953296,186,179,8.004,7.074,14.6873069,13.8111956,1
star (277),7.066501185,65,51.39379467,396,385,1.8092,1.7416,17.22950943,16.37382147,1
star (278),8.193009096,74,55.45534335,388,407,2.0088,2.0808,17.68098195,18.08631171,1
star (279),20.06682314,84,24.24699294,48,44,10.2444,5.5316,8.568492787,5.371163881,1
star (280),15.54453247,127,69.27535249,398,338,4.3498,3.61,26.25467273,21.73561363,1
star (281),45.79422635,235,70.20122355,187,207,10.6537,13.4069,24.49317816,29.85310256,1
star (282),66.06165737,241,69.57010852,209,128,23.43,10.7932,37.51340694,19.40504661,1
star (283),15.14179606,114,75.33580563,482,440,3.7554,3.851,27.89591674,26.16256484,1
star (284),46.82313077,223,64.71871923,242,180,17.8615,19.1471,30.34234529,28.60031576,1
star (285),15.32114135,146,65.82469489,285,318,5.4418,6.6942,19.77453951,24.20462944,1
star (286),7.659076892,83,47.66937166,311,288,3.7984,3.6234,16.09848929,14.783916,1
star (287),40.18893327,167,48.20788317,83,72,11.0016,10.0244,16.70443047,14.6317533,1
star (288),8.101699179,68,57.19041073,426,470,2.1011,2.5705,18.77080922,20.09638848,1
star (289),8.709980468,73,61.98493755,434,463,2.2494,2.6318,20.28854849,20.74758368,1
star (290),14.0932378,150,49.75302604,224,144,8.7012,6.4612,19.97262924,13.43781584,1
star (291),10.96318479,97,66.25500099,445,493,3.3854,3.6202,22.46380793,22.86625794,1
star (292),24.71733174,200,70.06059502,260,250,6.6246,6.2758,25.57778088,23.07834774,1
star (293),2.662782378,38,19.35017733,143,173,0.986,1.2584,5.893369495,6.782568056,1
star (294),15.45511715,126,75.56677963,370,471,3.4614,4.4586,22.3957967,28.79020469,1
star (295),41.5524799,230,66.3946534,95,160,8.6522,14.834,14.90905883,25.0079956,1
star (296),14.23336104,127,64.67866364,329,297,4.4964,4.597,22.38744262,20.77766086,1
star (297),7.503652377,71,51.28650016,366,393,2.8704,3.1632,15.75951154,16.70761401,1
star (298),5.538952359,47,41.6889254,389,363,2.2558,2.424,13.11924412,13.01944023,1
star (299),3.168368659,35,19.3469715,187,161,2.4196,2.4988,6.044198528,6.069365581,1
star (300),4.313502057,51,31.9071606,287,237,1.8716,1.7378,11.13832633,9.575659307,1
star (301),22.10257634,188,58.14595441,107,219,5.5784,10.0756,14.93392291,25.13015887,1
star (302),42.28815434,217,62.64183905,140,111,12.966,7.946,23.14594228,16.20178027,1
star (303),9.307327262,90,55.48322069,338,327,2.8222,3.1542,18.36332724,18.54047525,1
star (304),10.136774,96,57.90959096,334,351,3.1096,3.4706,18.74967167,18.95271842,1
star (305),40.12260516,204,58.88901992,102,114,8.1086,11.7496,16.39764026,21.58432996,1
star (306),47.13090297,156,45.03239575,56,56,12.5001,14.8739,12.08396458,13.34017237,1
star (307),18.17134863,136,39.25875698,66,84,4.376,5.5326,9.682387309,12.21125453,1
star (308),48.53720918,225,64.95126378,109,122,15.4912,16.6878,18.47699983,20.24361952,1
star (309),10.15723096,101,55.22294247,303,317,2.6286,2.9144,17.94224239,18.94597246,1
star (310),23.72140213,188,70.3939876,310,333,6.4264,6.9004,25.39354609,26.1651845,1
star (311),13.92296538,119,67.51589351,383,396,3.6598,3.644,25.50019341,25.05596264,1
star (312),40.6186725,230,66.43883567,96,90,21.3124,19.7656,19.14986178,17.7801422,1
star (313),17.59230864,161,66.37658712,244,293,4.0932,4.969,20.63675638,24.54569288,1
star (314),9.137335279,95,54.28115379,348,348,2.348,2.5658,17.79908694,17.78376986,1
star (315),3.474587675,55,23.6549158,176,153,1.1186,1.0922,8.29785117,7.53622579,1
star (316),30.86066104,218,69.47595149,203,308,8.3215,11.8679,20.3833348,27.38896584,1
star (317),17.83172857,163,66.22369727,288,313,6.4058,7.551,19.97058653,23.7978108,1
star (318),20.68296492,184,66.42268463,201,251,5.5392,6.5524,19.84240065,24.08294115,1
star (319),19.56632934,176,65.48429722,163,258,4.7636,7.1844,17.05340186,25.764262,1
star (320),44.58078351,234,72.07999347,244,284,14.0665,17.4543,29.54171758,34.6605671,1
star (321),36.76483307,220,64.51261312,188,168,10.3416,9.063,25.90700889,23.27119746,1
star (322),35.62640758,217,64.77900526,136,226,7.1142,11.7456,18.89063679,31.72916136,1
star (323),17.12717096,169,57.79639889,201,179,7.1762,7.1622,18.71688418,18.34978177,1
star (324),17.63922629,165,65.04629135,262,258,4.4968,4.6198,23.25470253,23.00288347,1
star (325),36.83722087,223,71.88726593,248,327,8.9028,11.8526,26.84121741,34.5916619,1
star (326),29.82892196,214,72.82307459,349,287,8.3359,7.1731,32.17548245,27.05839493,1
star (327),21.45953048,156,76.57620188,460,404,5.2365,5.3665,29.74530497,29.16829748,1
star (328),22.61888357,188,64.89645878,176,232,4.8072,6.5738,17.61411446,23.77823697,1
star (329),6.624084661,81,34.92852894,214,190,2.2807,2.3605,12.0759392,11.11805467,1
star (330),3.878553585,43,20.98594652,151,159,1.1632,1.8108,6.452531733,7.360543686,1
star (331),62.80174743,207,59.75505557,84,54,25.1008,11.737,17.05634895,11.20728473,1
star (332),36.74017762,226,70.6656269,246,220,10.8567,9.1499,28.39376631,23.83555391,1
star (333),4.186776649,51,24.48232185,161,169,1.9737,2.5231,8.524858257,8.959903258,1
star (334),5.757220357,72,32.82571824,233,213,4.7823,5.4005,11.16964219,10.88842963,1
star (335),15.04012816,137,40.89255657,110,88,5.6751,6.4815,13.28374721,13.14354814,1
star (336),31.20862863,204,68.51457577,311,252,8.83,8.0722,26.55522359,22.98132257,1
star (337),31.24265317,190,70.15189772,460,366,8.0134,7.3374,36.38753386,31.08550404,1
star (338),7.730298517,79,47.82125695,281,350,2.134,2.7906,14.42804367,18.63999334,1
star (339),18.89799616,158,58.98485489,267,399,3.5206,6.4004,18.48404111,34.68421658,1
star (340),52.64271839,185,53.40411969,70,112,17.7142,20.6304,13.66903502,16.69529263,1
star (341),43.54934171,207,59.82739298,36,72,8.4846,20.6446,7.140809677,14.26428024,1
star (342),44.93170702,188,54.27015755,36,107,9.4055,21.9887,7.118459788,15.51415393,1
star (343),50.72535385,183,52.8267609,60,117,11.9897,21.3945,10.90143082,17.19897293,1
star (344),19.29682155,167,57.91905759,184,254,4.3108,10.6846,12.30298351,23.00481086,1
star (345),30.57587413,211,63.79828946,111,141,9.352,13.0148,13.75042167,19.99185286,1
star (346),29.89333971,197,57.58996337,87,75,9.664,8.8472,15.81178371,13.66569618,1
star (347),41.40422117,235,68.58085129,147,177,10.384,15.4482,17.31900528,21.44555238,1
star (348),36.77837803,237,70.32864687,99,319,5.43,19.0338,11.36326098,35.82541915,1
star (349),18.88419323,163,56.51112897,141,278,4.7162,11.8714,11.81039616,27.96981698,1
star (350),23.90589968,186,61.71962669,94,294,3.7356,15.6594,9.154774309,35.52522191,1
star (351),25.3124623,194,61.52991391,146,174,6.8096,8.6006,16.31857064,19.85018085,1
star (352),53.57790481,250,72.1682063,154,132,16.499,13.5216,26.55958582,22.05882439,1
star (353),29.30565946,213,66.46822081,133,159,7.6238,8.283,19.63616749,21.91613358,1
star (354),69.30950646,231,66.68333125,150,90,24.8326,17.4478,27.25100323,19.6934983,1
star (355),62.87367053,233,67.26068688,247,86,23.6702,18.9482,30.11162951,18.61869804,1
star (356),13.33397239,113,62.2764408,489,397,5.4426,4.805,22.17760369,19.03880183,1
star (357),6.525833616,54,15.58578412,26,24,3.13,3.1642,4.616481344,4.260168818,1
star (358),33.84160339,186,53.69279902,148,72,14.6748,8.8078,22.02965376,12.44776523,1
star (359),32.79260032,229,67.8880606,133,126,10.3108,9.9478,16.94055499,16.61615705,1
star (360),9.336312351,82,61.27953524,414,481,2.804,3.5984,19.12535448,22.62342851,1
star (361),4.572624444,69,26.3425243,128,193,1.1656,1.573,7.665636088,10.02591996,1
star (362),8.591822716,80,57.40002042,420,376,3.0379,3.0419,19.4467083,17.67796777,1
star (363),15.56175016,124,36.64450374,115,91,6.5444,4.086,10.52783115,8.068048339,1
star (364),22.8499639,174,50.32748645,59,120,5.7078,9.2094,9.941278548,19.37889965,1
star (365),33.39049746,186,53.69279902,76,75,10.0218,9.9122,11.61950622,11.41543215,1
star (366),40.41519241,240,70.20297643,127,107,14.4264,10.2926,19.29198753,15.51098273,1
star (367),36.71718821,231,70.45038856,266,201,15.031,11.0378,34.83603363,25.52583733,1
star (368),39.19250391,233,67.70480468,126,100,16.5735,15.1261,18.9271022,16.49419288,1
star (369),15.73011878,144,49.43308185,128,233,3.5363,7.6121,9.538987489,17.18466856,1
star (370),36.26031039,238,71.35417245,147,158,10.0184,10.2836,20.80900914,19.28910498,1
star (371),30.62396697,224,71.24252948,190,197,8.5142,9.7222,18.52966806,20.03788979,1
star (372),35.94977175,236,70.09141085,154,146,10.775,10.4894,18.92573314,19.41757162,1
star (373),18.78661023,166,61.98227549,249,273,5.6206,6.9136,21.54695467,23.54432702,1
star (374),26.97931892,207,67.28106024,232,164,10.3914,8.2806,19.96425321,17.01290874,1
star (375),35.45549366,221,66.96867188,127,125,11.2502,11.0286,16.28905154,15.01868776,1
star (376),42.05068452,233,67.59184724,118,152,10.2625,18.5179,13.05367357,18.83763997,1
star (377),68.44006515,251,72.45688373,131,164,16.702,23.3722,23.50011055,31.72837637,1
star (378),53.74756541,251,72.45688373,96,118,13.5298,16.3744,19.79273887,23.82312794,1
star (379),41.7667083,193,55.71355311,54,56,9.4118,12.1468,10.39265225,11.31197815,1
star (380),42.02772022,245,72.73830519,207,186,14.8612,12.6972,29.93828877,24.5223472,1
star (381),53.0308851,252,72.74556115,115,78,17.2108,14.2478,21.25155908,17.35781654,1
star (382),42.34962585,243,71.01689742,148,102,13.7078,9.7342,20.41688564,13.59649772,1
star (383),32.65582757,218,65.88273221,126,148,8.8502,11.5418,13.68501224,15.97538271,1
star (384),37.39091088,229,67.05876681,95,118,9.8694,16.3718,12.67801024,18.99187102,1
star (385),37.91666731,213,61.48712602,75,122,8.6818,15.8868,12.18813147,21.62685797,1
star (386),43.96412751,234,67.70335747,63,84,11.4564,15.0638,12.29318913,14.18600471,1
star (387),44.89209207,230,66.3946534,102,100,12.2842,13.5186,14.96404459,15.92711066,1
star (388),29.2734587,200,62.87479125,166,130,10.096,6.895,18.89637489,13.68846138,1
star (389),46.08605147,248,71.59085137,133,112,15.0488,12.5608,18.01034754,15.86676096,1
star (390),30.40659678,179,51.69128265,72,64,10.2376,8.3916,15.83492173,12.70786565,1
star (391),29.86247555,190,56.90797475,109,143,10.0194,8.9004,12.38956108,13.14660716,1
star (392),14.44204401,135,70.81952565,347,464,4.5095,5.4281,20.65330748,25.87166849,1
star (393),4.958830143,44,35.3617302,285,335,2.1833,2.6053,10.46751647,11.19389619,1
star (394),5.627723297,51,41.93117885,369,387,1.1913,1.3945,13.8360003,14.18244936,1
star (395),9.812181988,87,63.47283383,469,410,2.5465,2.2617,22.13056795,20.04421645,1
star (396),5.054667126,46,38.88133272,317,322,1.2546,1.4886,11.85280468,12.2061079,1
star (397),11.6267316,99,67.07197425,440,369,3.7394,3.3044,25.32231205,21.04477942,1
star (398),6.420449676,60,44.49250561,353,296,1.7142,1.8498,16.01525268,13.25068451,1
star (399),27.83496331,197,61.35364397,187,197,7.614,8.4078,19.70648634,21.19315689,1
star (400),29.56064584,189,67.00187249,387,303,11.6357,7.7877,36.85840726,27.50494917,1
star (401),42.82722076,205,59.1776985,72,73,15.428,14.3184,14.63509535,13.52225652,1
star (402),7.86813053,71,52.29789316,413,421,2.1748,2.424,16.35193704,16.54813053,1
star (403),7.070057196,67,51.71746246,490,347,2.4436,1.8988,20.31689984,14.01141529,1
star (404),25.10942622,186,72.58466118,375,294,6.6972,5.153,31.88226328,24.78530595,1
star (405),11.50213347,115,64.19277795,503,343,3.7812,2.525,27.01715985,17.28548452,1
star (406),9.630490743,41,65.54162752,522,340,2.3936,1.6744,26.41405457,18.01068529,1
star (407),12.8443198,115,70.47489679,508,411,4.053,3.7946,26.19922501,23.07225197,1
star (408),15.30186592,140,64.76385519,304,302,4.389,4.582,22.28285617,22.08613764,1
star (409),18.37604517,164,71.97008021,350,332,5.81,5.823,24.08427495,23.01009063,1
star (410),16.33848981,146,66.06392761,290,310,4.0038,4.1316,21.82152574,22.40682221,1
star (411),11.93935174,115,58.51890296,248,333,2.7214,3.482,17.10261916,21.51082695,1
star (412),18.63943465,108,31.17557805,47,56,5.343,7.091,8.558127774,11.38522371,1
star (413),7.598594541,79,48.78958547,310,313,2.3859,2.4689,15.92214123,16.18676103,1
star (414),17.2755917,152,63.90848937,364,238,6.3358,5.4684,23.88251742,17.72382581,1
star (415),10.10068603,101,52.88162468,319,282,3.3973,3.4525,19.64451712,17.45940846,1
star (416),11.45318457,92,68.49094086,521,430,3.2646,2.8618,27.1440083,21.35318479,1
star (417),17.33561361,159,69.08865978,326,287,5.008,4.4056,25.07622252,21.91612394,1
star (418),9.384836386,77,59.13534222,428,370,2.176,1.9496,21.29962497,18.99901208,1
star (419),11.57062388,84,72.38430443,455,540,2.3478,2.6244,23.55131069,26.45104392,1
star (420),12.45550336,119,63.92928487,363,364,3.634,3.9792,20.09700087,20.41753578,1
star (421),42.14169941,167,48.20788317,54,38,12.7632,13.429,7.070595856,6.876144196,1
star (422),34.03718006,221,67.83202938,146,109,12.8944,9.9808,21.16706519,16.58597695,1
star (423),22.11053902,176,52.78884012,146,148,6.841,6.486,18.0411618,17.63954092,1
star (424),38.55269255,233,68.40349918,99,115,12.1434,14.5334,15.07681785,17.65478078,1
star (425),41.03917906,235,67.83804242,123,119,11.7193,11.5773,19.33530728,19.28135433,1
star (426),21.55705694,182,62.32119769,166,278,5.1976,10.0224,14.14754941,22.82687228,1
star (427),34.53619054,229,69.21745945,127,187,7.9788,11.7788,17.36700177,22.93689322,1
star (428),33.61131492,228,67.67050371,113,163,8.4268,13.4028,12.52955872,17.61244311,1
star (429),20.88459241,175,58.93841822,125,271,4.6878,13.2256,11.46911205,30.37390829,1
star (430),33.18085685,224,66.58728026,166,165,9.7202,10.7174,17.19811943,17.86192983,1
star (431),13.72689499,123,61.38315942,383,318,8.9108,8.031,23.24408835,19.12985727,1
star (432),22.76689971,185,73.97161401,263,378,9.7632,12.7196,19.8288458,31.17881614,1
star (433),31.36671739,228,72.40810541,194,307,10.7643,16.3943,19.13530103,32.29187557,1
star (434),14.39160067,100,28.86607005,63,56,5.7604,4.861,9.947753105,9.282191498,1
star (435),27.38398316,217,72.40500143,221,261,13.1564,15.0188,22.1159024,25.61047533,1
star (436),23.0707595,197,72.76177014,410,184,15.7742,8.823,36.06287862,15.52941953,1
star (437),39.16669611,217,62.64183905,146,141,11.7192,11.0634,20.19742437,19.32172819,1
star (438),22.81747671,173,56.08953037,161,142,8.0294,6.7056,13.97866001,12.20697869,1
star (439),45.2546411,231,69.05711371,273,294,10.6234,12.5466,29.31061535,33.49675848,1
star (440),28.85025406,176,54.4648573,127,166,7.9727,7.3181,9.871522411,14.26128719,1
star (441),58.59044209,205,59.1776985,83,101,14.5194,21.7278,14.475449,19.86852554,1
star (442),54.57465992,224,64.66258578,204,192,26.1732,27.0142,25.46435551,25.44581691,1
star (443),21.72906572,189,67.75780904,330,202,9.465,6.8698,29.32345435,19.0245801,1
star (444),44.72547317,242,70.29963192,157,186,17.0056,18.3634,23.98990973,26.6906302,1
star (445),24.57887869,194,74.14936915,273,291,9.3674,11.0532,24.63823486,28.38741922,1
star (446),24.80107926,204,60.59511252,132,106,8.2444,8.164,17.99532352,17.70089557,1
star (447),30.57029231,224,68.6913241,177,224,11.4587,13.4213,19.52778775,25.80529803,1
star (448),40.07356695,238,70.86435043,220,219,12.5994,12.6334,26.19604015,25.52740105,1
star (449),19.33806951,164,72.20871041,321,334,9.2047,9.9619,25.51788388,25.81479902,1
star (450),5.655047656,72,33.45786633,201,227,1.5384,1.9694,9.93568948,11.01306786,1
star (451),6.797756686,69,46.61600004,340,321,2.5601,2.7673,15.52781337,14.53406862,1
star (452),57.76092602,245,70.72481884,150,146,19.6552,18.3204,32.43822611,29.50408012,1
star (453),32.1396484,231,67.90342864,195,113,11.7119,7.1811,30.64446277,18.2475506,1
star (454),32.73230491,213,61.48712602,108,97,11.1521,9.2531,14.25586776,12.79453166,1
star (455),50.38589116,247,71.30217388,431,435,24.7238,25.9158,53.03001521,55.0194412,1
star (456),66.44555966,256,73.90027064,452,438,28.4802,25.533,52.85736285,50.89216159,1
star (457),22.76067099,146,42.14558103,80,95,5.6036,7.6392,13.19203802,16.26111999,1
star (458),74.84498177,256,73.90027064,268,142,29.0038,23.6436,32.11722568,20.56965676,1
star (459),38.68421791,241,71.73865293,161,222,9.9956,18.6522,19.89344567,36.23870631,1
star (460),48.24569281,248,71.59085137,110,124,17.4264,15.5434,21.77785534,21.32301846,1
star (461),43.16749658,244,71.3866506,177,154,16.481,14.5586,31.13511585,27.18866613,1
star (462),13.48006329,134,55.33614245,206,288,3.9568,5.3264,14.54656433,19.48287102,1
star (463),29.5196204,203,70.37328563,246,210,12.9438,11.2334,23.64768153,21.23702249,1
star (464),38.16392349,218,63.18559828,264,234,21.1468,17.4802,38.54846624,34.01435003,1
star (465),20.38016873,159,63.75836036,238,309,5.9862,8.644,16.66441147,23.29458444,1
star (466),24.97439027,185,54.57465089,185,150,6.5736,5.4404,21.36898648,17.90641918,1
star (467),6.812426498,65,49.0497055,371,417,1.68,2.2202,14.46618816,16.92143351,1
star (468),15.5156496,117,33.77375707,99,86,6.4746,5.162,14.13762197,10.85389128,1
star (469),17.72599281,164,65.91367946,277,266,7.6389,7.1705,22.14746728,20.59350941,1
star (470),7.282503207,78,45.61509635,347,289,4.2464,3.9798,16.38143117,13.81604835,1
star (471),8.278075503,85,51.95251225,360,324,4.7703,4.6663,17.11140958,16.2285965,1
star (472),46.27137182,187,53.98147831,146,126,17.9013,13.2433,10.0097132,8.814959167,1
star (473),21.50897051,185,63.07161883,233,239,9.2735,10.1233,20.47938226,20.33283298,1
star (474),16.67769965,157,59.84837902,301,248,8.4397,7.2637,21.44587988,17.61219357,1
star (475),31.7521377,221,67.97165484,198,182,10.4104,8.8464,21.29196966,17.94249724,1
star (476),28.13782435,213,71.79347727,217,257,7.427,8.8096,20.29050199,23.80177615,1
star (477),11.87891598,119,44.10832234,215,177,4.7664,3.5228,14.41688701,11.52169606,1
star (478),53.69360949,235,67.94831924,150,114,23.9976,13.688,31.07431728,19.15164369,1
star (479),15.4369757,138,41.31483785,120,95,6.1143,5.2851,13.89796516,12.13579079,1
star (480),39.29514979,228,68.79394158,184,156,12.8438,9.957,23.43472214,19.13273506,1
star (481),44.85594303,250,73.19377285,444,442,22.8226,21.49,56.74996678,53.82466442,1
star (482),52.29076486,253,73.03423855,84,118,11.901,16.5476,14.98416494,18.70909763,1
star (483),67.3603492,245,70.72481884,52,60,19.8289,23.5695,12.95344837,14.30762628,1
star (484),19.7219603,168,51.61044093,179,150,6.3722,4.8278,16.32884157,13.02782972,1
star (485),26.72436263,208,67.48211586,217,217,11.0395,9.7211,19.09703484,18.42994072,1
star (486),30.60371467,194,76.28499295,381,361,6.2918,8.8248,30.38094555,39.54512239,1
star (487),30.69450194,188,76.22060525,501,367,7.5568,7.4066,37.85448684,34.84840422,1
star (488),19.36409221,156,54.06409952,239,295,5.651,8.1182,19.28428373,26.34730022,1
star (489),22.96069292,166,53.26662858,274,190,8.3588,6.2904,26.34976399,19.49389822,1
star (490),15.79969898,123,35.50586806,70,75,5.2568,5.276,10.64296264,10.65065369,1
star (491),15.92097947,175,58.20387981,294,135,7.4926,6.398,23.50621503,17.20692872,1
star (492),33.64615868,229,71.52813075,247,245,8.5976,8.4488,26.637246,25.84596252,1
star (493),21.41983121,152,77.82034032,415,388,5.1144,4.9546,30.84028068,30.06431005,1
star (494),22.91491626,165,78.04426801,494,395,6.8254,4.2092,40.41093558,25.72263663,1
star (495),22.20507599,162,77.088153,418,482,5.2498,6.883,27.33822964,37.39374695,1
star (496),57.58018356,242,72.72670454,280,372,12.7212,19.2382,34.20069985,49.53813138,1
star (497),12.05077365,124,59.67598244,275,277,5.8164,6.326,19.00968414,19.46544436,1
star (498),50.74344179,211,60.90976933,151,198,18.3792,18.5316,28.21697375,29.22537256,1
star (499),12.85147525,134,51.71951489,265,168,6.408,4.2296,21.57287501,13.9444571,1
star (500),34.33934422,209,61.38192048,148,157,11.678,12.0814,24.500484,24.5469504,1
star (501),19.78524341,171,52.14926241,136,139,7.4644,7.334,17.31678182,16.35988521,1
star (502),9.019827155,112,37.02274428,137,147,3.8675,3.9803,11.71233298,12.54503535,1
star (503),50.86410225,246,73.29830669,266,260,16.759,18.387,34.07122714,34.58083907,1
star (504),35.34369879,218,75.20910124,404,216,14.5318,8.284,44.00133849,23.10612785,1
star (505),12.3937716,102,71.36998016,466,389,4.5372,3.8106,26.81055419,22.42952803,1
star (506),12.389248,91,72.86093836,448,514,4.2916,4.7128,24.08149849,26.29778539,1
star (507),40.7569992,203,58.6003413,267,274,19.8694,15.8196,33.53566972,34.57568012,1
star (508),20.736191,150,44.9678285,146,144,6.1304,6.4058,16.39406587,15.40432817,1
star (509),5.936727395,69,32.77133034,220,199,2.1032,1.9882,10.88709097,9.798390723,1
star (510),16.54095833,152,56.23407746,218,195,5.4504,4.9216,22.05655775,20.21899239,1
star (511),5.76331989,73,33.6520616,235,204,1.6064,1.5144,12.5712322,11.04484462,1
star (512),40.05193132,218,62.93051724,79,76,17.5296,19.3484,15.55711168,15.13719979,1
star (513),7.741779123,50,60.63452482,503,451,1.4488,1.38,20.39171838,18.81318686,1
star (514),28.18831795,208,72.40956264,251,277,8.376,9.2514,21.53338859,23.03120053,1
star (515),23.24485749,188,70.91771113,279,267,7.324,6.6888,22.35891375,20.40367503,1
star (516),20.10890518,172,69.18405704,270,313,5.6214,6.9316,18.37248655,21.87752549,1
star (517),14.1204013,136,50.18889438,218,229,11.4243,11.5367,16.95108461,17.86376369,1
star (518),32.68190325,205,74.20625211,386,361,9.1698,7.003,35.64468218,28.02085279,1
star (519),32.60269005,205,63.17004727,279,227,8.8832,9.0696,27.1299384,26.58835752,1
star (520),42.81868711,241,69.97837169,368,271,16.1608,14.6642,39.67515776,34.34344826,1
star (521),16.33536194,154,64.81925127,217,264,4.0875,5.2561,20.44284334,25.47697221,1
star (522),11.12724862,111,51.87762723,212,289,2.5282,3.2128,15.98417357,20.275964,1
star (523),47.51900251,226,65.23994175,80,68,14.036,13.5738,15.79799051,14.85985712,1
star (524),31.93332122,222,68.79560554,162,185,8.9274,9.9344,23.44579129,25.96996143,1
star (525),28.82873287,219,65.7731043,185,184,7.6718,7.6816,23.1067238,22.59751804,1
star (526),29.66194182,220,66.70102205,199,189,8.384,7.4212,24.37190071,21.52694104,1
star (527),13.37253968,139,51.64017953,259,165,4.2388,2.9478,20.57908099,14.46565848,1
star (528),18.51559039,145,67.88244858,273,378,4.2246,5.9396,21.57616173,29.17784008,1
star (529),65.74862633,212,61.19844769,215,240,23.9137,22.5815,34.53276781,31.78900687,1
star (530),16.02321151,147,62.40457494,325,346,5.982,6.1078,21.95759267,25.89457432,1
star (531),9.226384318,94,55.44039904,365,313,5.113,4.149,20.06280716,17.98872978,1
star (532),18.69085239,165,62.10384502,293,245,6.288,5.6084,24.1864023,22.74031771,1
star (533),29.37943166,211,74.9056881,370,256,12.3316,8.345,37.1426149,25.38730342,1
star (534),32.72965246,212,62.65708987,144,95,12.396,9.506,19.08711042,15.01828765,1
star (535),9.386705551,72,64.66148796,531,433,2.3846,1.841,25.64445521,19.01122613,1
star (536),32.59963926,196,56.84556663,167,88,13.626,6.3638,20.98984812,10.99161724,1
star (537),17.26123622,156,53.14161911,211,209,6.3061,6.5409,15.11538299,15.55070182,1
star (538),20.48345305,176,55.49628529,190,167,7.6595,6.8463,16.10997082,14.42263763,1
star (539),13.48147866,108,73.7326367,380,502,2.6702,3.4524,23.29167731,30.06825459,1
star (540),39.8042165,198,57.15694767,123,147,9.638,12.7658,17.77705139,22.27615205,1
star (541),49.66405244,210,60.62109094,188,183,13.8058,16.5262,22.57465141,26.97278839,1
star (542),34.99090232,203,60.05940906,224,222,10.4729,10.1949,23.59161855,24.1090712,1
star (543),17.39698362,156,61.37266227,296,295,5.4906,5.6856,21.49076806,21.57218933,1
star (544),34.13467858,219,64.3525859,184,166,11.0926,8.969,24.40536878,20.17378594,1
star (545),39.40112644,218,63.43871999,102,72,15.4208,12.1388,16.54674371,14.24035584,1
star (546),55.50888479,221,63.79655163,91,184,11.1548,19.122,17.27708994,30.12635584,1
star (547),9.166818214,89,52.82457814,337,315,2.593,2.5024,19.37609741,17.978042,1
star (548),26.65887002,111,32.04163958,30,39,4.9085,11.1633,4.285502042,9.00997409,1
star (549),6.498185836,69,34.82807415,231,256,1.7442,2.2358,11.08241699,12.08858132,1
star (550),3.52060898,38,23.53910226,190,178,1.1944,1.2882,7.050149547,6.888406257,1
star (551),60.31275379,237,68.72856069,349,241,30.6753,14.4185,48.06326737,21.10598393,1
star (552),60.2675888,232,66.97200908,384,272,23.7222,18.0958,38.44825649,29.08486243,1
star (553),49.44596883,207,59.75505557,131,134,19.571,17.9446,22.54267861,17.73205377,1
star (554),44.11664004,198,57.15694767,119,104,16.8373,14.3757,17.63429127,15.88514241,1
star (555),42.75615382,222,64.08522971,146,141,16.8831,15.1187,26.71753421,24.41421328,1
star (556),37.49518765,233,72.1022619,272,294,15.9861,16.8459,30.17223735,32.14425848,1
star (557),13.70719434,133,39.40064851,117,108,5.769,5.4344,13.07758537,12.77425131,1
star (558),40.59234095,219,64.62812226,217,192,13.482,11.461,29.2333658,25.40324938,1
star (559),60.42473228,243,70.14746372,314,285,37.384,24.5824,56.546048,37.36020089,1
star (560),9.202514499,78,60.35519453,445,329,2.2392,1.7144,23.23184417,17.53312957,1
star (561),46.03946239,154,44.45503346,227,226,18.7352,20.4884,19.84202815,20.01217793,1
star (562),44.79604719,223,64.37390776,64,87,10.5119,15.3743,12.55580576,16.2058261,1
star (563),29.70293586,205,63.83305934,155,103,9.3858,6.1876,22.64156263,15.49695474,1
star (564),31.99352447,212,61.25398596,95,118,8.6922,11.515,12.26267749,15.0129669,1
star (565),19.23258847,169,62.09744193,203,207,6.3182,6.6308,22.93132244,23.82262982,1
star (566),53.44576744,178,51.38336307,150,166,21.7134,18.483,26.00856129,26.09380982,1
star (567),44.47952315,210,60.62109094,322,372,20.6146,24.29,43.01257103,51.59468674,1
star (568),9.534098886,106,33.92258689,152,106,3.498,2.7358,12.90065099,9.855546578,1
star (569),74.64640215,236,68.12672016,90,108,17.0362,24.2344,19.47852894,24.01259371,1
star (570),10.39295481,114,36.05941371,110,186,2.8286,4.4048,8.860204402,14.68533748,1
star (571),59.73205879,197,56.86826883,82,116,13.7448,21.745,15.65251012,21.18800545,1
star (572),33.92393014,225,67.64813043,136,202,6.1235,12.7083,13.86864982,22.26032819,1
star (573),31.15410399,115,33.19638535,17,34,4.3499,13.2619,3.498552556,7.855794574,1
star (574),24.60088876,180,66.47679327,237,282,5.9472,6.7146,20.70199054,25.45495132,1
star (575),17.14257536,149,66.61694323,263,344,3.8846,4.875,18.97851635,25.70535693,1
star (576),16.30760372,131,67.5915357,280,410,3.4028,5.0708,18.86565006,28.51441017,1
star (577),55.80546318,192,55.42487408,44,56,14.7334,20.0796,11.18263495,12.86253722,1
star (578),5.191037036,55,35.24753552,280,291,1.4318,1.9674,10.99665171,11.59340059,1
star (579),66.63051178,231,66.68333125,179,172,22.0554,23.4064,27.9380803,29.58040296,1
star (580),14.4970369,125,55.39364642,245,287,3.3618,5.1286,16.04461594,17.72400807,1
star (581),9.051617641,76,40.17007429,265,260,1.7524,3.0732,12.53342309,12.3921847,1
star (582),54.39633975,203,58.6003413,53,75,14.0604,21.0168,11.37800298,14.43451134,1
star (583),14.98696897,151,62.93993745,225,303,3.3642,4.273,18.99001733,24.00009315,1
star (584),58.91098767,198,57.15694767,232,168,20.2835,23.4909,22.12267452,19.73377605,1
star (585),64.7926888,222,64.08522971,144,126,19.0514,25.0594,19.23975463,19.44959824,1
star (586),33.96067168,133,38.39270764,59,62,9.7197,12.3537,9.71109324,11.91172516,1
star (587),21.94542709,163,77.38871306,446,421,4.6354,4.8116,31.33658033,32.18481483,1
star (588),15.64121707,149,57.83295818,259,223,3.9756,3.3174,22.49835115,18.67653226,1
star (589),57.88194364,227,65.5286197,234,210,24.7718,18.7426,30.10885127,25.37290573,1
star (590),23.02262274,111,32.04163958,54,52,7.5238,8.1362,9.034502397,9.847885538,1
star (591),13.68601911,117,69.61196835,482,353,3.9722,2.7614,28.56231481,21.2931273,1
star (592),63.51022679,230,66.3946534,298,270,22.245,19.965,37.21488916,34.63695678,1
star (593),13.8839358,120,69.19584475,414,376,3.574,3.4766,24.14337433,23.36760263,1
star (594),53.1708916,253,73.38742043,163,151,16.7876,14.4618,29.36194282,24.7593122,1
star (595),29.82565023,219,67.51150617,227,138,12.5712,6.5326,21.39175847,13.39996781,1
star (596),48.45236829,231,66.68333125,86,83,14.84,14.6628,15.67176442,16.17662808,1
star (597),32.39889762,223,66.72979794,172,143,10.6111,8.4047,17.85210511,15.19143568,1
star (598),10.41836811,92,53.40321152,411,393,3.6598,4.0712,16.07420492,16.91026702,1
star (599),10.51177612,79,63.92854979,395,447,2.2164,2.4032,22.07277896,23.80185349,1
star (600),34.14884302,223,68.81344515,201,194,9.7967,9.0005,24.11562085,22.82991677,1
star (601),42.72800896,237,68.70007183,161,207,11.7445,15.6001,23.45053986,31.25131005,1
star (602),24.63180196,183,65.2757275,320,260,6.4934,7.1346,25.7248665,26.83739337,1
star (603),15.21959273,119,68.96239262,431,410,4.5186,4.7448,25.69031829,24.14132293,1
star (604),10.91131408,96,66.24811318,417,421,2.8334,2.8938,21.6742438,21.92227455,1
star (605),5.776389695,43,30.06893108,252,259,0.7836,1.808,9.340822825,9.778513998,1
star (606),8.180304659,59,54.88951583,473,467,2.0192,2.7176,17.9639648,17.5094446,1
star (607),7.371335228,58,57.38827485,469,491,1.726,1.886,17.97864077,18.89228425,1
star (608),26.12238941,205,73.37435732,280,273,6.5184,6.7082,26.87855393,26.71323741,1
star (609),24.33597788,194,62.40946083,239,194,8.015,5.8732,25.32098685,17.95213975,1
star (610),21.60437667,186,64.43236677,238,222,6.1834,5.8338,22.35719491,19.73859614,1
star (611),26.50323264,188,59.37447505,297,188,11.3141,9.5135,28.1175433,19.28905435,1
star (612),8.562915111,85,24.53568829,75,72,2.8618,2.8072,8.515497681,8.516197987,1
star (613),64.20431139,220,63.50787353,292,256,30.4444,22.4464,38.77678569,30.78039192,1
star (614),5.574079216,43,44.93152052,391,408,1.2462,1.3058,13.80540422,13.64341183,1
star (615),10.89314606,103,59.41220708,384,357,5.342,5.3836,20.02401149,19.20619825,1
star (616),49.3012049,158,45.60975773,64,70,14.836,15.1686,13.73264374,13.84960556,1
star (617),32.44607282,148,43.82146152,128,121,5.2194,9.3516,9.693248353,9.37507213,1
star (618),31.38828557,216,72.09853844,363,363,9.1009,9.5147,34.27247466,35.62588082,1
star (619),12.96206852,92,77.78124999,546,515,3.155,2.8044,28.71531604,25.45542655,1
star (620),22.15352782,143,61.37302142,323,212,9.4134,5.0344,21.75903721,14.19579574,1
star (621),18.9358432,161,60.28927412,242,262,5.7898,6.6778,16.709411,18.60920168,1
star (622),41.71297746,234,73.19305425,322,296,11.4093,9.5721,34.52403183,28.92070196,1
star (623),18.90640425,173,53.33050977,163,151,6.1222,4.732,19.73752434,16.05319208,1
star (624),35.73383398,224,68.64151691,203,201,11.136,11.2304,22.75075172,23.98369688,1
star (625),10.58278615,100,55.69719831,291,315,2.7096,2.8406,18.80805859,19.73871302,1
star (626),38.24308614,229,66.55106018,133,248,8.2323,15.6207,17.48758236,32.56384547,1
star (627),4.549932707,65,25.65864215,131,161,1.1884,1.4148,8.158278338,9.227184888,1
star (628),51.26660611,247,71.63184473,144,151,13.0522,12.3772,26.0277866,24.70475501,1
star (629),8.972182053,56,66.59724888,529,484,1.8184,1.6708,22.89736713,21.02709745,1
star (630),11.2058273,115,54.85301893,288,257,3.3948,3.1892,18.64562504,16.40142077,1
star (631),6.2354687,75,39.48120003,324,241,2.067,1.8924,14.86840647,11.74780074,1
star (632),25.67613706,206,72.347066,206,248,6.8842,8.3838,22.63726994,26.92977715,1
star (633),9.116252739,77,53.16196607,378,334,2.1928,1.9476,19.58303419,17.44172165,1
star (634),32.42023612,178,51.76789946,114,115,11.8288,11.913,14.84420731,15.56476248,1
star (635),3.486827439,43,27.59351081,217,234,1.1552,1.3492,8.097154621,8.515800571,1
star (636),17.49733412,157,65.19986343,282,260,4.946,4.6002,22.86702176,21.16986915,1
star (637),10.1580991,101,58.52021888,327,387,4.8798,5.2266,19.63273674,20.42988626,1
star (638),13.36783871,121,68.28876961,347,448,2.9532,4.0354,20.05316458,27.60531737,1
star (639),5.299344729,71,31.74543533,244,158,1.4662,1.07,12.37782927,9.045899624,1
star (640),47.35778094,229,66.65977669,294,212,18.6934,11.7372,44.32509443,28.51636962,1
star (641),18.07670047,168,53.53233196,244,169,4.802,4.1074,21.76578958,17.59157938,1
star (642),38.59877435,207,59.75505557,102,135,7.7656,13.3334,14.53332917,20.66692634,1
star (643),37.3473308,214,62.06410755,114,120,10.3612,10.8292,15.62730734,16.05910419,1
star (644),18.86271392,171,55.54534717,228,175,6.8235,6.6215,15.83905135,12.36979538,1
star (645),21.34647917,186,59.51043965,187,176,5.9636,6.334,19.74627243,19.53910551,1
star (646),11.40010107,112,46.03928055,196,261,2.8658,3.9058,14.50352338,17.71844594,1
star (647),24.82252129,174,77.35623047,451,462,5.4546,6.342,32.68393702,34.55125231,1
star (648),32.87707797,191,69.55565384,387,316,10.1692,7.974,38.76784197,28.22704951,1
star (649),5.934608643,64,18.4729532,61,48,3.5726,3.276,6.750787305,5.721015994,1
star (650),22.47509054,198,67.73297474,217,218,8.474,8.1798,23.62562008,22.50474332,1
star (651),16.98894179,148,71.50234937,373,319,8.8666,7.682,27.52608952,23.25279932,1
star (652),54.86032081,238,68.70407557,124,160,16.217,20.8408,22.43835803,30.39303301,1
star (653),18.5305885,176,66.07299931,270,260,8.0984,7.7362,23.52544829,20.93985696,1
star (654),18.00619143,136,39.25875698,126,141,13.5821,11.9941,13.71970333,11.62205082,1
star (655),20.19130862,172,63.74969114,250,226,9.968,8.6296,24.74364112,20.54449814,1
star (656),39.54728781,233,68.62112189,190,204,13.4444,13.4944,26.10737652,25.11255002,1
star (657),12.20937671,128,57.27442111,247,294,5.2948,6.5918,17.11502536,19.90522476,1
star (658),31.47881992,220,68.25279033,191,164,15.5314,13.6036,28.70029989,25.036974,1
star (659),10.89297966,117,47.2037563,251,239,5.1088,4.9918,14.06312066,13.84814546,1
star (660),12.7116542,124,54.50656291,236,284,9.1517,10.1133,15.87066121,18.21993038,1
star (661),18.12738259,157,51.10858269,154,180,9.6114,10.4688,14.31191078,15.90918057,1
star (662),30.40655111,209,60.76071261,196,257,11.6953,14.6221,21.85788777,28.81062116,1
star (663),23.47244048,201,65.5778076,240,265,8.0762,8.6758,24.19453231,25.08305592,1
star (664),17.90816379,160,65.20113562,327,280,6.535,6.4308,25.24315303,22.40163859,1
star (665),13.59712896,126,62.56205637,277,334,5.5518,6.6588,18.93087734,22.21648448,1
star (666),29.87871065,218,65.78940614,179,206,9.9358,10.867,22.64338487,25.01463793,1
star (667),11.70793192,129,52.81046426,240,234,5.8929,6.1137,16.16782699,18.3449168,1
star (668),27.00822846,194,56.88853089,144,155,9.1751,9.0677,17.54970769,17.40499689,1
star (669),25.90323743,207,63.18731255,177,203,7.6248,9.5486,19.60477557,24.1562298,1
star (670),22.81376826,167,48.73546051,122,87,10.0798,7.3858,12.63840306,9.168421803,1
star (671),2.770697212,29,8.366600265,24,23,1.3892,1.3184,2.73816058,2.52856114,1
star (672),30.01453695,184,54.37570589,135,132,8.6846,6.5714,16.28032318,17.36298079,1
star (673),18.07876074,160,49.21933968,121,145,6.4472,7.6224,12.82575581,15.27763785,1
star (674),7.099760638,73,21.07130751,72,60,3.4444,2.4968,8.444187861,7.105701215,1
star (675),27.04663534,208,63.84110829,143,169,8.4628,9.5742,17.55734081,20.63251546,1
star (676),13.84699723,145,51.01280248,200,207,5.4266,5.7654,16.95402054,16.22828897,1
star (677),28.34434154,219,65.66769081,165,164,9.3445,9.2247,20.1512734,18.63744644,1
star (678),41.15939009,230,66.40218356,96,82,22.2947,18.4547,19.54633602,16.24273831,1
star (679),42.96436342,202,58.31166264,116,118,17.0164,16.5246,19.3037336,18.30948374,1
star (680),17.96343792,148,42.72294466,119,116,6.064,5.4608,15.04752817,14.52392039,1
star (681),14.79153509,149,46.47385402,106,124,6.1738,5.9988,13.31094262,13.65227448,1
star (682),29.76067085,213,62.07621633,140,125,10.122,8.8158,19.87959044,16.93586344,1
star (683),41.46163556,214,61.77580432,83,68,14.833,15.8478,14.14421829,13.90864606,1
star (684),27.25356195,201,59.73063385,100,159,7.2826,9.732,17.06125251,21.97268249,1
star (685),19.80920211,175,54.25470513,111,132,8.182,8.974,15.34074561,16.67838493,1
star (686),24.79572696,204,61.6537852,116,138,8.2357,9.2647,15.92045682,18.5507044,1
star (687),24.9799074,204,62.42191181,166,187,9.6833,9.0199,18.88172135,18.23941622,1
star (688),33.66671688,192,55.42487408,160,186,17.1754,21.5262,16.85416966,19.86262101,1
star (689),35.3703128,221,64.4550157,102,113,10.2458,12.5476,15.20320303,18.17675258,1
star (690),31.90879802,224,66.1809517,211,203,14.6538,15.1356,23.62870173,23.48646871,1
star (691),16.93397454,142,41.00304806,104,72,5.9856,6.4162,13.78413554,12.51772254,1
star (692),38.69221941,216,62.35316084,106,72,14.1409,10.5025,18.64799848,14.22624314,1
star (693),42.89755901,203,58.6003413,64,68,18.4728,17.001,14.3980089,14.03683009,1
star (694),30.13029818,217,65.33114891,134,121,11.5342,11.183,17.93207267,17.55638662,1
star (695),41.02380392,214,61.77580432,106,102,18.0294,17.8048,15.86554555,15.35903307,1
star (696),38.08693955,222,64.64398328,99,106,12.1028,16.642,14.56471875,20.09284042,1
star (697),40.48031314,237,68.63398401,122,94,17.5402,15.3114,18.98271277,15.9562599,1
star (698),13.22811944,136,43.74702597,181,146,5.7486,5.5716,16.86584116,14.32295617,1
star (699),23.50650415,110,31.75295262,44,32,10.8935,8.6515,8.226624931,6.949161658,1
star (700),26.06680604,203,61.82655651,140,145,8.528,7.941,18.14875797,18.19013796,1